Workbook

Sheet Hoja1
A5: #NO | B5: A4GLIdentity | C5: cus_no | D5: modelno/PROGRAMA | E5: modeldesc | F5: OPCIÓN 1 | H5: ,
A6: 1 | B6: 46 | C6: ALGRP1 | D6: WD7 | E6: 2021 WL DL 75 VPD | F6: 46 | G6: EXECUTE [dbo].[PG_CI_ARCUSFIL_PROGRAM] 0, 0, | H6: =_xlfn.CONCAT(G6,"'",D6,"'",$H$5,"'",TRIM(E6),"'",$H$5,F6) -> EXECUTE [dbo].[PG_CI_ARCUSFIL_PROGRAM] 0, 0, 'WD7','2021 WL DL 75 VPD',46
A7: 2 | B7: 1 | C7: CNII01 | D7: 77H | E7: U377 FORD HEADREST | F7: 1 | G7: EXECUTE [dbo].[PG_CI_ARCUSFIL_PROGRAM] 0, 0, | H7: =_xlfn.CONCAT(G7,"'",D7,"'",$H$5,"'",TRIM(E7),"'",$H$5,F7) -> EXECUTE [dbo].[PG_CI_ARCUSFIL_PROGRAM] 0, 0, '77H','U377 FORD HEADREST',1
A8: 3 | B8: 56 | C8: DAIM05 | D8: WDK | E8: 2021 WK WD 2ND ROW ARMREST | F8: 56 | G8: EXECUTE [dbo].[PG_CI_ARCUSFIL_PROGRAM] 0, 0, | H8: =_xlfn.CONCAT(G8,"'",D8,"'",$H$5,"'",TRIM(E8),"'",$H$5,F8) -> EXECUTE [dbo].[PG_CI_ARCUSFIL_PROGRAM] 0, 0, 'WDK','2021 WK WD 2ND ROW ARMREST',56
A9: 4 | B9: 57 | C9: EISS01 | D9: WLE | E9: 2021 WL EISMANN | F9: 57 | G9: EXECUTE [dbo].[PG_CI_ARCUSFIL_PROGRAM] 0, 0, | H9: =_xlfn.CONCAT(G9,"'",D9,"'",$H$5,"'",TRIM(E9),"'",$H$5,F9) -> EXECUTE [dbo].[PG_CI_ARCUSFIL_PROGRAM] 0, 0, 'WLE','2021 WL EISMANN',57
A10: 5 | B10: 51 | C10: FAUR01 | D10: C3A | E10: 2021 WS BL-GL EEP 3RD ROW | F10: 51 | G10: EXECUTE [dbo].[PG_CI_ARCUSFIL_PROGRAM] 0, 0, | H10: =_xlfn.CONCAT(G10,"'",D10,"'",$H$5,"'",TRIM(E10),"'",$H$5,F10) -> EXECUTE [dbo].[PG_CI_ARCUSFIL_PROGRAM] 0, 0, 'C3A','2021 WS BL-GL EEP 3RD ROW',51
A11: 6 | B11: 51 | C11: FAUR01 | D11: C3B | E11: 2021 WS AL JEEP 3RD ROW | F11: 51 | G11: EXECUTE [dbo].[PG_CI_ARCUSFIL_PROGRAM] 0, 0, | H11: =_xlfn.CONCAT(G11,"'",D11,"'",$H$5,"'",TRIM(E11),"'",$H$5,F11) -> EXECUTE [dbo].[PG_CI_ARCUSFIL_PROGRAM] 0, 0, 'C3B','2021 WS AL JEEP 3RD ROW',51
A12: 7 | B12: 51 | C12: FAUR01 | D12: FW2 | E12: 2021 WS JEEP SL NEVER QUILTED | F12: 51 | G12: EXECUTE [dbo].[PG_CI_ARCUSFIL_PROGRAM] 0, 0, | H12: =_xlfn.CONCAT(G12,"'",D12,"'",$H$5,"'",TRIM(E12),"'",$H$5,F12) -> EXECUTE [dbo].[PG_CI_ARCUSFIL_PROGRAM] 0, 0, 'FW2','2021 WS JEEP SL NEVER QUILTED',51
A13: 8 | B13: 51 | C13: FAUR01 | D13: FWS | E13: 2021 WS AL JEEP BASE | F13: 51 | G13: EXECUTE [dbo].[PG_CI_ARCUSFIL_PROGRAM] 0, 0, | H13: =_xlfn.CONCAT(G13,"'",D13,"'",$H$5,"'",TRIM(E13),"'",$H$5,F13) -> EXECUTE [dbo].[PG_CI_ARCUSFIL_PROGRAM] 0, 0, 'FWS','2021 WS AL JEEP BASE',51
A14: 9 | B14: 51 | C14: FAUR01 | D14: S3S | E14: 2021 WS SL JEEP 3RD ROW | F14: 51 | G14: EXECUTE [dbo].[PG_CI_ARCUSFIL_PROGRAM] 0, 0, | H14: =_xlfn.CONCAT(G14,"'",D14,"'",$H$5,"'",TRIM(E14),"'",$H$5,F14) -> EXECUTE [dbo].[PG_CI_ARCUSFIL_PROGRAM] 0, 0, 'S3S','2021 WS SL JEEP 3RD ROW',51
A15: 10 | B15: 51 | C15: FAUR01 | D15: S3U | E15: 2021 WS UL JEEP 3RD ROW | F15: 51 | G15: EXECUTE [dbo].[PG_CI_ARCUSFIL_PROGRAM] 0, 0, | H15: =_xlfn.CONCAT(G15,"'",D15,"'",$H$5,"'",TRIM(E15),"'",$H$5,F15) -> EXECUTE [dbo].[PG_CI_ARCUSFIL_PROGRAM] 0, 0, 'S3U','2021 WS UL JEEP 3RD ROW',51
A16: 11 | B16: 51 | C16: FAUR01 | D16: WS3 | E16: 2021 WS UL ALWAYS QUILTED | F16: 51 | G16: EXECUTE [dbo].[PG_CI_ARCUSFIL_PROGRAM] 0, 0, | H16: =_xlfn.CONCAT(G16,"'",D16,"'",$H$5,"'",TRIM(E16),"'",$H$5,F16) -> EXECUTE [dbo].[PG_CI_ARCUSFIL_PROGRAM] 0, 0, 'WS3','2021 WS UL ALWAYS QUILTED',51
A17: 12 | B17: 5 | C17: FIND02 | D17: MCY | E17: U364 MERCURY LTD FINDALY | F17: 5 | G17: EXECUTE [dbo].[PG_CI_ARCUSFIL_PROGRAM] 0, 0, | H17: =_xlfn.CONCAT(G17,"'",D17,"'",$H$5,"'",TRIM(E17),"'",$H$5,F17) -> EXECUTE [dbo].[PG_CI_ARCUSFIL_PROGRAM] 0, 0, 'MCY','U364 MERCURY LTD FINDALY',5
... A24: 19 | B24: 54 | C24: GRAM04 | D24: GWS | E24: 2021 WS GRAN WAGONNER | F24: 54 | G24: EXECUTE [dbo].[PG_CI_ARCUSFIL_PROGRAM] 0, 0, | H24: =_xlfn.CONCAT(G24,"'",D24,"'",$H$5,"'",TRIM(E24),"'",$H$5,F24) -> EXECUTE [dbo].[PG_CI_ARCUSFIL_PROGRAM] 0, 0, 'GWS','2021 WS GRAN WAGONNER',54
A25: 20 | B25: 7 | C25: IRVI02 | D25: 193 | E25: GMT 193 2007 | F25: 7 | G25: EXECUTE [dbo].[PG_CI_ARCUSFIL_PROGRAM] 0, 0, | H25: =_xlfn.CONCAT(G25,"'",D25,"'",$H$5,"'",TRIM(E25),"'",$H$5,F25) -> EXECUTE [dbo].[PG_CI_ARCUSFIL_PROGRAM] 0, 0, '193','GMT 193 2007',7
A26: 21 | B26: 7 | C26: IRVI02 | D26: 87C | E26: U387 FORD CUTTING EDGE | F26: 7 | G26: EXECUTE [dbo].[PG_CI_ARCUSFIL_PROGRAM] 0, 0, | H26: =_xlfn.CONCAT(G26,"'",D26,"'",$H$5,"'",TRIM(E26),"'",$H$5,F26) -> EXECUTE [dbo].[PG_CI_ARCUSFIL_PROGRAM] 0, 0, '87C','U387 FORD CUTTING EDGE',7
A27: 22 | B27: 7 | C27: IRVI02 | D27: 87P | E27: U387 FORD PREMIUM | F27: 7 | G27: EXECUTE [dbo].[PG_CI_ARCUSFIL_PROGRAM] 0, 0, | H27: =_xlfn.CONCAT(G27,"'",D27,"'",$H$5,"'",TRIM(E27),"'",$H$5,F27) -> EXECUTE [dbo].[PG_CI_ARCUSFIL_PROGRAM] 0, 0, '87P','U387 FORD PREMIUM',7
A28: 23 | B28: 7 | C28: IRVI02 | D28: 88A | E28: U388 LINCOLN ARMREST | F28: 7 | G28: EXECUTE [dbo].[PG_CI_ARCUSFIL_PROGRAM] 0, 0, | H28: =_xlfn.CONCAT(G28,"'",D28,"'",$H$5,"'",TRIM(E28),"'",$H$5,F28) -> EXECUTE [dbo].[PG_CI_ARCUSFIL_PROGRAM] 0, 0, '88A','U388 LINCOLN ARMREST',7
A29: 24 | B29: 7 | C29: IRVI02 | D29: 88H | E29: U388 HEADREST | F29: 7 | G29: EXECUTE [dbo].[PG_CI_ARCUSFIL_PROGRAM] 0, 0, | H29: =_xlfn.CONCAT(G29,"'",D29,"'",$H$5,"'",TRIM(E29),"'",$H$5,F29) -> EXECUTE [dbo].[PG_CI_ARCUSFIL_PROGRAM] 0, 0, '88H','U388 HEADREST',7
A30: 25 | B30: 7 | C30: IRVI02 | D30: 88L | E30: U388 LINCOLN LIMITED | F30: 7 | G30: EXECUTE [dbo].[PG_CI_ARCUSFIL_PROGRAM] 0, 0, | H30: =_xlfn.CONCAT(G30,"'",D30,"'",$H$5,"'",TRIM(E30),"'",$H$5,F30) -> EXECUTE [dbo].[PG_CI_ARCUSFIL_PROGRAM] 0, 0, '88L','U388 LINCOLN LIMITED',7
A31: 26 | B31: 7 | C31: IRVI02 | D31: GM1 | E31: GMT 191 PONTIAC TORRENT | F31: 7 | G31: EXECUTE [dbo].[PG_CI_ARCUSFIL_PROGRAM] 0, 0, | H31: =_xlfn.CONCAT(G31,"'",D31,"'",$H$5,"'",TRIM(E31),"'",$H$5,F31) -> EXECUTE [dbo].[PG_CI_ARCUSFIL_PROGRAM] 0, 0, 'GM1','GMT 191 PONTIAC TORRENT',7
A32: 27 | B32: 7 | C32: IRVI02 | D32: GM2 | E32: GMT 192 PONTIAC PERSUIT | F32: 7 | G32: EXECUTE [dbo].[PG_CI_ARCUSFIL_PROGRAM] 0, 0, | H32: =_xlfn.CONCAT(G32,"'",D32,"'",$H$5,"'",TRIM(E32),"'",$H$5,F32) -> EXECUTE [dbo].[PG_CI_ARCUSFIL_PROGRAM] 0, 0, 'GM2','GMT 192 PONTIAC PERSUIT',7
A33: 28 | B33: 7 | C33: IRVI02 | D33: GM3 | E33: ARMREST GMT 193 | F33: 7 | G33: EXECUTE [dbo].[PG_CI_ARCUSFIL_PROGRAM] 0, 0, | H33: =_xlfn.CONCAT(G33,"'",D33,"'",$H$5,"'",TRIM(E33),"'",$H$5,F33) -> EXECUTE [dbo].[PG_CI_ARCUSFIL_PROGRAM] 0, 0, 'GM3','ARMREST GMT 193',7
A34: 29 | B34: 7 | C34: IRVI02 | D34: GXP | E34: GMT 192 GXP 2008 | F34: 7 | G34: EXECUTE [dbo].[PG_CI_ARCUSFIL_PROGRAM] 0, 0, | H34: =_xlfn.CONCAT(G34,"'",D34,"'",$H$5,"'",TRIM(E34),"'",$H$5,F34) -> EXECUTE [dbo].[PG_CI_ARCUSFIL_PROGRAM] 0, 0, 'GXP','GMT 192 GXP 2008',7
A35: 30 | B35: 7 | C35: IRVI02 | D35: JJT | E35: 2019 JEEP JT | F35: 7 | G35: EXECUTE [dbo].[PG_CI_ARCUSFIL_PROGRAM] 0, 0, | H35: =_xlfn.CONCAT(G35,"'",D35,"'",$H$5,"'",TRIM(E35),"'",$H$5,F35) -> EXECUTE [dbo].[PG_CI_ARCUSFIL_PROGRAM] 0, 0, 'JJT','2019 JEEP JT',7
A36: 31 | B36: 7 | C36: IRVI02 | D36: JLI | E36: 2018 JEEP JL | F36: 7 | G36: EXECUTE [dbo].[PG_CI_ARCUSFIL_PROGRAM] 0, 0, | H36: =_xlfn.CONCAT(G36,"'",D36,"'",$H$5,"'",TRIM(E36),"'",$H$5,F36) -> EXECUTE [dbo].[PG_CI_ARCUSFIL_PROGRAM] 0, 0, 'JLI','2018 JEEP JL',7
A37: 32 | B37: 7 | C37: IRVI02 | D37: JPH | E37: 2020 JEEP JL PHEV | F37: 7 | G37: EXECUTE [dbo].[PG_CI_ARCUSFIL_PROGRAM] 0, 0, | H37: =_xlfn.CONCAT(G37,"'",D37,"'",$H$5,"'",TRIM(E37),"'",$H$5,F37) -> EXECUTE [dbo].[PG_CI_ARCUSFIL_PROGRAM] 0, 0, 'JPH','2020 JEEP JL PHEV',7
... A46: 41 | B46: 7 | C46: IRVI02 | D46: WLS | E46: WLS JEEP 2020 | F46: 7 | G46: EXECUTE [dbo].[PG_CI_ARCUSFIL_PROGRAM] 0, 0, | H46: =_xlfn.CONCAT(G46,"'",D46,"'",$H$5,"'",TRIM(E46),"'",$H$5,F46) -> EXECUTE [dbo].[PG_CI_ARCUSFIL_PROGRAM] 0, 0, 'WLS','WLS JEEP 2020',7
A47: 42 | B47: 34 | C47: IRVI03 | D47: 191 | E47: GMT 191 2008 | F47: 34 | G47: EXECUTE [dbo].[PG_CI_ARCUSFIL_PROGRAM] 0, 0, | H47: =_xlfn.CONCAT(G47,"'",D47,"'",$H$5,"'",TRIM(E47),"'",$H$5,F47) -> EXECUTE [dbo].[PG_CI_ARCUSFIL_PROGRAM] 0, 0, '191','GMT 191 2008',34
A48: 43 | B48: 34 | C48: IRVI03 | D48: 192 | E48: GMT 192 2008 | F48: 34 | G48: EXECUTE [dbo].[PG_CI_ARCUSFIL_PROGRAM] 0, 0, | H48: =_xlfn.CONCAT(G48,"'",D48,"'",$H$5,"'",TRIM(E48),"'",$H$5,F48) -> EXECUTE [dbo].[PG_CI_ARCUSFIL_PROGRAM] 0, 0, '192','GMT 192 2008',34
A49: 44 | B49: 34 | C49: IRVI03 | D49: ARM | E49: ARMREST GMT 193 | F49: 34 | G49: EXECUTE [dbo].[PG_CI_ARCUSFIL_PROGRAM] 0, 0, | H49: =_xlfn.CONCAT(G49,"'",D49,"'",$H$5,"'",TRIM(E49),"'",$H$5,F49) -> EXECUTE [dbo].[PG_CI_ARCUSFIL_PROGRAM] 0, 0, 'ARM','ARMREST GMT 193',34
A50: 45 | B50: 34 | C50: IRVI03 | D50: G93 | E50: GMT 193 2008 | F50: 34 | G50: EXECUTE [dbo].[PG_CI_ARCUSFIL_PROGRAM] 0, 0, | H50: =_xlfn.CONCAT(G50,"'",D50,"'",$H$5,"'",TRIM(E50),"'",$H$5,F50) -> EXECUTE [dbo].[PG_CI_ARCUSFIL_PROGRAM] 0, 0, 'G93','GMT 193 2008',34
A51: 46 | B51: 34 | C51: IRVI03 | D51: GX2 | E51: GMT 192 GXP 2008 | F51: 34 | G51: EXECUTE [dbo].[PG_CI_ARCUSFIL_PROGRAM] 0, 0, | H51: =_xlfn.CONCAT(G51,"'",D51,"'",$H$5,"'",TRIM(E51),"'",$H$5,F51) -> EXECUTE [dbo].[PG_CI_ARCUSFIL_PROGRAM] 0, 0, 'GX2','GMT 192 GXP 2008',34
A52: 47 | B52: 32 | C52: JOHN01 | D52: PL0 | E52: U388 CONSOLE | F52: 32 | G52: EXECUTE [dbo].[PG_CI_ARCUSFIL_PROGRAM] 0, 0, | H52: =_xlfn.CONCAT(G52,"'",D52,"'",$H$5,"'",TRIM(E52),"'",$H$5,F52) -> EXECUTE [dbo].[PG_CI_ARCUSFIL_PROGRAM] 0, 0, 'PL0','U388 CONSOLE',32
A53: 48 | B53: 9 | C53: JOHN02 | D53: 114 | E53: EN114 CONSOLE JCI | F53: 9 | G53: EXECUTE [dbo].[PG_CI_ARCUSFIL_PROGRAM] 0, 0, | H53: =_xlfn.CONCAT(G53,"'",D53,"'",$H$5,"'",TRIM(E53),"'",$H$5,F53) -> EXECUTE [dbo].[PG_CI_ARCUSFIL_PROGRAM] 0, 0, '114','EN114 CONSOLE JCI',9
A54: 49 | B54: 9 | C54: JOHN02 | D54: CHI | E54: GM360 CHEVY / ISUZU /GMC CHINA | F54: 9 | G54: EXECUTE [dbo].[PG_CI_ARCUSFIL_PROGRAM] 0, 0, | H54: =_xlfn.CONCAT(G54,"'",D54,"'",$H$5,"'",TRIM(E54),"'",$H$5,F54) -> EXECUTE [dbo].[PG_CI_ARCUSFIL_PROGRAM] 0, 0, 'CHI','GM360 CHEVY / ISUZU /GMC CHINA',9
A55: 50 | B55: 9 | C55: JOHN02 | D55: JCT | E55: JCI-TESLA | F55: 9 | G55: EXECUTE [dbo].[PG_CI_ARCUSFIL_PROGRAM] 0, 0, | H55: =_xlfn.CONCAT(G55,"'",D55,"'",$H$5,"'",TRIM(E55),"'",$H$5,F55) -> EXECUTE [dbo].[PG_CI_ARCUSFIL_PROGRAM] 0, 0, 'JCT','JCI-TESLA',9
A56: 51 | B56: 37 | C56: JOHN03 | D56: 228 | E56: U228 NAVIGATOR LUX/ULT | F56: 37 | G56: EXECUTE [dbo].[PG_CI_ARCUSFIL_PROGRAM] 0, 0, | H56: =_xlfn.CONCAT(G56,"'",D56,"'",$H$5,"'",TRIM(E56),"'",$H$5,F56) -> EXECUTE [dbo].[PG_CI_ARCUSFIL_PROGRAM] 0, 0, '228','U228 NAVIGATOR LUX/ULT',37
A57: 52 | B57: 37 | C57: JOHN03 | D57: 415 | E57: P415 PLATINIUM | F57: 37 | G57: EXECUTE [dbo].[PG_CI_ARCUSFIL_PROGRAM] 0, 0, | H57: =_xlfn.CONCAT(G57,"'",D57,"'",$H$5,"'",TRIM(E57),"'",$H$5,F57) -> EXECUTE [dbo].[PG_CI_ARCUSFIL_PROGRAM] 0, 0, '415','P415 PLATINIUM',37
A58: 53 | B58: 37 | C58: JOHN03 | D58: BUI | E58: GM 360 BUICK | F58: 37 | G58: EXECUTE [dbo].[PG_CI_ARCUSFIL_PROGRAM] 0, 0, | H58: =_xlfn.CONCAT(G58,"'",D58,"'",$H$5,"'",TRIM(E58),"'",$H$5,F58) -> EXECUTE [dbo].[PG_CI_ARCUSFIL_PROGRAM] 0, 0, 'BUI','GM 360 BUICK',37
A59: 54 | B59: 37 | C59: JOHN03 | D59: CHE | E59: GM 360 CHEVY / ISUZU / GMC | F59: 37 | G59: EXECUTE [dbo].[PG_CI_ARCUSFIL_PROGRAM] 0, 0, | H59: =_xlfn.CONCAT(G59,"'",D59,"'",$H$5,"'",TRIM(E59),"'",$H$5,F59) -> EXECUTE [dbo].[PG_CI_ARCUSFIL_PROGRAM] 0, 0, 'CHE','GM 360 CHEVY / ISUZU / GMC',37
A60: 55 | B60: 37 | C60: JOHN03 | D60: DEN | E60: GM 360 DENALY | F60: 37 | G60: EXECUTE [dbo].[PG_CI_ARCUSFIL_PROGRAM] 0, 0, | H60: =_xlfn.CONCAT(G60,"'",D60,"'",$H$5,"'",TRIM(E60),"'",$H$5,F60) -> EXECUTE [dbo].[PG_CI_ARCUSFIL_PROGRAM] 0, 0, 'DEN','GM 360 DENALY',37
A61: 56 | B61: 37 | C61: JOHN03 | D61: GSS | E61: GM 360 TRAILBLAZER SS | F61: 37 | G61: EXECUTE [dbo].[PG_CI_ARCUSFIL_PROGRAM] 0, 0, | H61: =_xlfn.CONCAT(G61,"'",D61,"'",$H$5,"'",TRIM(E61),"'",$H$5,F61) -> EXECUTE [dbo].[PG_CI_ARCUSFIL_PROGRAM] 0, 0, 'GSS','GM 360 TRAILBLAZER SS',37
A62: 57 | B62: 37 | C62: JOHN03 | D62: NAV | E62: U228 NAVIGATOR LUX EDIASA 3 | F62: 37 | G62: EXECUTE [dbo].[PG_CI_ARCUSFIL_PROGRAM] 0, 0, | H62: =_xlfn.CONCAT(G62,"'",D62,"'",$H$5,"'",TRIM(E62),"'",$H$5,F62) -> EXECUTE [dbo].[PG_CI_ARCUSFIL_PROGRAM] 0, 0, 'NAV','U228 NAVIGATOR LUX EDIASA 3',37
A63: 58 | B63: 37 | C63: JOHN03 | D63: SAA | E63: GM 360 SAAB | F63: 37 | G63: EXECUTE [dbo].[PG_CI_ARCUSFIL_PROGRAM] 0, 0, | H63: =_xlfn.CONCAT(G63,"'",D63,"'",$H$5,"'",TRIM(E63),"'",$H$5,F63) -> EXECUTE [dbo].[PG_CI_ARCUSFIL_PROGRAM] 0, 0, 'SAA','GM 360 SAAB',37
A64: 59 | B64: 38 | C64: JOHN04 | D64: SHA | E64: GM 360 CHEVY/ISUZU/GMC SHANGAI | F64: 38 | G64: EXECUTE [dbo].[PG_CI_ARCUSFIL_PROGRAM] 0, 0, | H64: =_xlfn.CONCAT(G64,"'",D64,"'",$H$5,"'",TRIM(E64),"'",$H$5,F64) -> EXECUTE [dbo].[PG_CI_ARCUSFIL_PROGRAM] 0, 0, 'SHA','GM 360 CHEVY/ISUZU/GMC SHANGAI',38
A65: 60 | B65: 38 | C65: JOHN04 | D65: SHI | E65: GM360 CHEVY SHANGAI | F65: 38 | G65: EXECUTE [dbo].[PG_CI_ARCUSFIL_PROGRAM] 0, 0, | H65: =_xlfn.CONCAT(G65,"'",D65,"'",$H$5,"'",TRIM(E65),"'",$H$5,F65) -> EXECUTE [dbo].[PG_CI_ARCUSFIL_PROGRAM] 0, 0, 'SHI','GM360 CHEVY SHANGAI',38
A66: 61 | B66: 39 | C66: KONG01 | D66: KHE | E66: U388 HEADREST | F66: 39 | G66: EXECUTE [dbo].[PG_CI_ARCUSFIL_PROGRAM] 0, 0, | H66: =_xlfn.CONCAT(G66,"'",D66,"'",$H$5,"'",TRIM(E66),"'",$H$5,F66) -> EXECUTE [dbo].[PG_CI_ARCUSFIL_PROGRAM] 0, 0, 'KHE','U388 HEADREST',39
A67: 62 | B67: 13 | C67: LEAV01 | D67: 365 | E67: GMX 365 2008 FIXED | F67: 13 | G67: EXECUTE [dbo].[PG_CI_ARCUSFIL_PROGRAM] 0, 0, | H67: =_xlfn.CONCAT(G67,"'",D67,"'",$H$5,"'",TRIM(E67),"'",$H$5,F67) -> EXECUTE [dbo].[PG_CI_ARCUSFIL_PROGRAM] 0, 0, '365','GMX 365 2008 FIXED',13
A68: 63 | B68: 13 | C68: LEAV01 | D68: CAL | E68: 2013 S197 MUSTANG CALIFORNIA | F68: 13 | G68: EXECUTE [dbo].[PG_CI_ARCUSFIL_PROGRAM] 0, 0, | H68: =_xlfn.CONCAT(G68,"'",D68,"'",$H$5,"'",TRIM(E68),"'",$H$5,F68) -> EXECUTE [dbo].[PG_CI_ARCUSFIL_PROGRAM] 0, 0, 'CAL','2013 S197 MUSTANG CALIFORNIA',13
A69: 64 | B69: 13 | C69: LEAV01 | D69: G65 | E69: GMX365 BUICK LACROSSE | F69: 13 | G69: EXECUTE [dbo].[PG_CI_ARCUSFIL_PROGRAM] 0, 0, | H69: =_xlfn.CONCAT(G69,"'",D69,"'",$H$5,"'",TRIM(E69),"'",$H$5,F69) -> EXECUTE [dbo].[PG_CI_ARCUSFIL_PROGRAM] 0, 0, 'G65','GMX365 BUICK LACROSSE',13
A70: 65 | B70: 13 | C70: LEAV01 | D70: IUP | E70: 2013 S197 MUSTANG IUP | F70: 13 | G70: EXECUTE [dbo].[PG_CI_ARCUSFIL_PROGRAM] 0, 0, | H70: =_xlfn.CONCAT(G70,"'",D70,"'",$H$5,"'",TRIM(E70),"'",$H$5,F70) -> EXECUTE [dbo].[PG_CI_ARCUSFIL_PROGRAM] 0, 0, 'IUP','2013 S197 MUSTANG IUP',13
A71: 66 | B71: 13 | C71: LEAV01 | D71: PRM | E71: 2013 S197 MUSTANG PREMIUM | F71: 13 | G71: EXECUTE [dbo].[PG_CI_ARCUSFIL_PROGRAM] 0, 0, | H71: =_xlfn.CONCAT(G71,"'",D71,"'",$H$5,"'",TRIM(E71),"'",$H$5,F71) -> EXECUTE [dbo].[PG_CI_ARCUSFIL_PROGRAM] 0, 0, 'PRM','2013 S197 MUSTANG PREMIUM',13
A72: 67 | B72: 13 | C72: LEAV01 | D72: SH1 | E72: 2013 S197 MUSTANG SHELBY 5B8 | F72: 13 | G72: EXECUTE [dbo].[PG_CI_ARCUSFIL_PROGRAM] 0, 0, | H72: =_xlfn.CONCAT(G72,"'",D72,"'",$H$5,"'",TRIM(E72),"'",$H$5,F72) -> EXECUTE [dbo].[PG_CI_ARCUSFIL_PROGRAM] 0, 0, 'SH1','2013 S197 MUSTANG SHELBY 5B8',13
A73: 68 | B73: 13 | C73: LEAV01 | D73: SH2 | E73: 2013 S197 MUSTANG SHELBY TT | F73: 13 | G73: EXECUTE [dbo].[PG_CI_ARCUSFIL_PROGRAM] 0, 0, | H73: =_xlfn.CONCAT(G73,"'",D73,"'",$H$5,"'",TRIM(E73),"'",$H$5,F73) -> EXECUTE [dbo].[PG_CI_ARCUSFIL_PROGRAM] 0, 0, 'SH2','2013 S197 MUSTANG SHELBY TT',13
A74: 69 | B74: 13 | C74: LEAV01 | D74: THL | E74: 2013 D258 TAURUS LTD | F74: 13 | G74: EXECUTE [dbo].[PG_CI_ARCUSFIL_PROGRAM] 0, 0, | H74: =_xlfn.CONCAT(G74,"'",D74,"'",$H$5,"'",TRIM(E74),"'",$H$5,F74) -> EXECUTE [dbo].[PG_CI_ARCUSFIL_PROGRAM] 0, 0, 'THL','2013 D258 TAURUS LTD',13
A75: 70 | B75: 13 | C75: LEAV01 | D75: THO | E75: 2013 D258 TAURUS SHO & LIMITED | F75: 13 | G75: EXECUTE [dbo].[PG_CI_ARCUSFIL_PROGRAM] 0, 0, | H75: =_xlfn.CONCAT(G75,"'",D75,"'",$H$5,"'",TRIM(E75),"'",$H$5,F75) -> EXECUTE [dbo].[PG_CI_ARCUSFIL_PROGRAM] 0, 0, 'THO','2013 D258 TAURUS SHO & LIMITED',13
A76: 71 | B76: 13 | C76: LEAV01 | D76: TSL | E76: 2013 D258 TAURUS SEL | F76: 13 | G76: EXECUTE [dbo].[PG_CI_ARCUSFIL_PROGRAM] 0, 0, | H76: =_xlfn.CONCAT(G76,"'",D76,"'",$H$5,"'",TRIM(E76),"'",$H$5,F76) -> EXECUTE [dbo].[PG_CI_ARCUSFIL_PROGRAM] 0, 0, 'TSL','2013 D258 TAURUS SEL',13
A77: 72 | B77: 17 | C77: MAGN01 | D77: GMC | E77: GMX 001 COUPE | F77: 17 | G77: EXECUTE [dbo].[PG_CI_ARCUSFIL_PROGRAM] 0, 0, | H77: =_xlfn.CONCAT(G77,"'",D77,"'",$H$5,"'",TRIM(E77),"'",$H$5,F77) -> EXECUTE [dbo].[PG_CI_ARCUSFIL_PROGRAM] 0, 0, 'GMC','GMX 001 COUPE',17
A78: 73 | B78: 17 | C78: MAGN01 | D78: GX1 | E78: GMX 001 COUPE L4 | F78: 17 | G78: EXECUTE [dbo].[PG_CI_ARCUSFIL_PROGRAM] 0, 0, | H78: =_xlfn.CONCAT(G78,"'",D78,"'",$H$5,"'",TRIM(E78),"'",$H$5,F78) -> EXECUTE [dbo].[PG_CI_ARCUSFIL_PROGRAM] 0, 0, 'GX1','GMX 001 COUPE L4',17
A79: 74 | B79: 17 | C79: MAGN01 | D79: GXS | E79: GMX001 SEDAN | F79: 17 | G79: EXECUTE [dbo].[PG_CI_ARCUSFIL_PROGRAM] 0, 0, | H79: =_xlfn.CONCAT(G79,"'",D79,"'",$H$5,"'",TRIM(E79),"'",$H$5,F79) -> EXECUTE [dbo].[PG_CI_ARCUSFIL_PROGRAM] 0, 0, 'GXS','GMX001 SEDAN',17
... A110: 105 | B110: 18 | C110: MAGN02 | D110: WTL | E110: 2021 WL 75 TL 12 WAY | F110: 18 | G110: EXECUTE [dbo].[PG_CI_ARCUSFIL_PROGRAM] 0, 0, | H110: =_xlfn.CONCAT(G110,"'",D110,"'",$H$5,"'",TRIM(E110),"'",$H$5,F110) -> EXECUTE [dbo].[PG_CI_ARCUSFIL_PROGRAM] 0, 0, 'WTL','2021 WL 75 TL 12 WAY',18
A111: 106 | B111: 19 | C111: MAGN03 | D111: 387 | E111: U387 FORD PREMIUM | F111: 19 | G111: EXECUTE [dbo].[PG_CI_ARCUSFIL_PROGRAM] 0, 0, | H111: =_xlfn.CONCAT(G111,"'",D111,"'",$H$5,"'",TRIM(E111),"'",$H$5,F111) -> EXECUTE [dbo].[PG_CI_ARCUSFIL_PROGRAM] 0, 0, '387','U387 FORD PREMIUM',19
A112: 107 | B112: 19 | C112: MAGN03 | D112: 3SU | E112: GMT 315 SUV | F112: 19 | G112: EXECUTE [dbo].[PG_CI_ARCUSFIL_PROGRAM] 0, 0, | H112: =_xlfn.CONCAT(G112,"'",D112,"'",$H$5,"'",TRIM(E112),"'",$H$5,F112) -> EXECUTE [dbo].[PG_CI_ARCUSFIL_PROGRAM] 0, 0, '3SU','GMT 315 SUV',19
A113: 108 | B113: 19 | C113: MAGN03 | D113: FCE | E113: U387 FORD CUTTING EDGE | F113: 19 | G113: EXECUTE [dbo].[PG_CI_ARCUSFIL_PROGRAM] 0, 0, | H113: =_xlfn.CONCAT(G113,"'",D113,"'",$H$5,"'",TRIM(E113),"'",$H$5,F113) -> EXECUTE [dbo].[PG_CI_ARCUSFIL_PROGRAM] 0, 0, 'FCE','U387 FORD CUTTING EDGE',19
A114: 109 | B114: 19 | C114: MAGN03 | D114: GRE | E114: U387 FORD GREY | F114: 19 | G114: EXECUTE [dbo].[PG_CI_ARCUSFIL_PROGRAM] 0, 0, | H114: =_xlfn.CONCAT(G114,"'",D114,"'",$H$5,"'",TRIM(E114),"'",$H$5,F114) -> EXECUTE [dbo].[PG_CI_ARCUSFIL_PROGRAM] 0, 0, 'GRE','U387 FORD GREY',19
A115: 110 | B115: 19 | C115: MAGN03 | D115: L88 | E115: U388 LINCOLN LIMITED | F115: 19 | G115: EXECUTE [dbo].[PG_CI_ARCUSFIL_PROGRAM] 0, 0, | H115: =_xlfn.CONCAT(G115,"'",D115,"'",$H$5,"'",TRIM(E115),"'",$H$5,F115) -> EXECUTE [dbo].[PG_CI_ARCUSFIL_PROGRAM] 0, 0, 'L88','U388 LINCOLN LIMITED',19
A116: 111 | B116: 19 | C116: MAGN03 | D116: PL2 | E116: U387 FORD SEL 2011 PLM | F116: 19 | G116: EXECUTE [dbo].[PG_CI_ARCUSFIL_PROGRAM] 0, 0, | H116: =_xlfn.CONCAT(G116,"'",D116,"'",$H$5,"'",TRIM(E116),"'",$H$5,F116) -> EXECUTE [dbo].[PG_CI_ARCUSFIL_PROGRAM] 0, 0, 'PL2','U387 FORD SEL 2011 PLM',19
A117: 112 | B117: 19 | C117: MAGN03 | D117: PL3 | E117: U388 LINCOLN BASE 2012 | F117: 19 | G117: EXECUTE [dbo].[PG_CI_ARCUSFIL_PROGRAM] 0, 0, | H117: =_xlfn.CONCAT(G117,"'",D117,"'",$H$5,"'",TRIM(E117),"'",$H$5,F117) -> EXECUTE [dbo].[PG_CI_ARCUSFIL_PROGRAM] 0, 0, 'PL3','U388 LINCOLN BASE 2012',19
A118: 113 | B118: 19 | C118: MAGN03 | D118: PL4 | E118: D471 SEL 2012 | F118: 19 | G118: EXECUTE [dbo].[PG_CI_ARCUSFIL_PROGRAM] 0, 0, | H118: =_xlfn.CONCAT(G118,"'",D118,"'",$H$5,"'",TRIM(E118),"'",$H$5,F118) -> EXECUTE [dbo].[PG_CI_ARCUSFIL_PROGRAM] 0, 0, 'PL4','D471 SEL 2012',19
A119: 114 | B119: 19 | C119: MAGN03 | D119: PL5 | E119: D471 LTD 2012 | F119: 19 | G119: EXECUTE [dbo].[PG_CI_ARCUSFIL_PROGRAM] 0, 0, | H119: =_xlfn.CONCAT(G119,"'",D119,"'",$H$5,"'",TRIM(E119),"'",$H$5,F119) -> EXECUTE [dbo].[PG_CI_ARCUSFIL_PROGRAM] 0, 0, 'PL5','D471 LTD 2012',19
A120: 115 | B120: 19 | C120: MAGN03 | D120: PL6 | E120: U388 LINCOLN ULTIMATE | F120: 19 | G120: EXECUTE [dbo].[PG_CI_ARCUSFIL_PROGRAM] 0, 0, | H120: =_xlfn.CONCAT(G120,"'",D120,"'",$H$5,"'",TRIM(E120),"'",$H$5,F120) -> EXECUTE [dbo].[PG_CI_ARCUSFIL_PROGRAM] 0, 0, 'PL6','U388 LINCOLN ULTIMATE',19
A121: 116 | B121: 19 | C121: MAGN03 | D121: PL7 | E121: U387 FORD SEL 2012 | F121: 19 | G121: EXECUTE [dbo].[PG_CI_ARCUSFIL_PROGRAM] 0, 0, | H121: =_xlfn.CONCAT(G121,"'",D121,"'",$H$5,"'",TRIM(E121),"'",$H$5,F121) -> EXECUTE [dbo].[PG_CI_ARCUSFIL_PROGRAM] 0, 0, 'PL7','U387 FORD SEL 2012',19
A122: 117 | B122: 19 | C122: MAGN03 | D122: PL7 | E122: U387 FORD SEL 2013 | F122: 19 | G122: EXECUTE [dbo].[PG_CI_ARCUSFIL_PROGRAM] 0, 0, | H122: =_xlfn.CONCAT(G122,"'",D122,"'",$H$5,"'",TRIM(E122),"'",$H$5,F122) -> EXECUTE [dbo].[PG_CI_ARCUSFIL_PROGRAM] 0, 0, 'PL7','U387 FORD SEL 2013',19
A123: 118 | B123: 19 | C123: MAGN03 | D123: PL8 | E123: U387 FORD SPORT 2012 | F123: 19 | G123: EXECUTE [dbo].[PG_CI_ARCUSFIL_PROGRAM] 0, 0, | H123: =_xlfn.CONCAT(G123,"'",D123,"'",$H$5,"'",TRIM(E123),"'",$H$5,F123) -> EXECUTE [dbo].[PG_CI_ARCUSFIL_PROGRAM] 0, 0, 'PL8','U387 FORD SPORT 2012',19
... A159: 155 | B159: 58 | C159: YANG03 | D159: YC5 | E159: 2021 WL 75 JEEP GRAND CHEROKEE | F159: 58 | G159: EXECUTE [dbo].[PG_CI_ARCUSFIL_PROGRAM] 0, 0, | H159: =_xlfn.CONCAT(G159,"'",D159,"'",$H$5,"'",TRIM(E159),"'",$H$5,F159) -> EXECUTE [dbo].[PG_CI_ARCUSFIL_PROGRAM] 0, 0, 'YC5','2021 WL 75 JEEP GRAND CHEROKEE',58

Sheet PROGRAMAS
A2: A4GLIdentity | B2: CUSTOMER | C2: PROGRAM
A3: 46 | B3: ALGRP1 | C3: WL
A4: 1 | B4: CNII01 | C4: U377
A5: 56 | B5: DAIM05 | C5: WK
A6: 57 | B6: EISS01 | C6: WL
A7: 51 | B7: FAUR01 | C7: WS
A8: 5 | B8: FIND02 | C8: U364
A9: 40 | B9: GRAM01 | C9: U388
A10: 54 | B10: GRAM04 | C10: WL
A11: 54 | B11: GRAM04 | C11: WS
A12: 7 | B12: IRVI02 | C12: GMT
A13: 7 | B13: IRVI02 | C13: JL
A14: 7 | B14: IRVI02 | C14: JT
... A52: 58 | B52: YANG03 | C52: WL

Sheet MODELOS
A2: A4GLIdentity | B2: CUSTOMER | C2: FILTRO X | D2: PROGRAM | F2: MODEL | G2: DESCRIPTION_MODEL | J2: INSER PARA CI_PROGRAMAS SE ACTIVAS EL FILTRO X
A3: 46 | B3: ALGRP1 | C3: X | D3: WL | E3: 1 | F3: WD7 | G3: 2021 WL DL 75 VPD | I3: EXECUTE [dbo].[PG_CI_ARCUSFIL_PROGRAM] 0, 0, | J3: =_xlfn.CONCAT(I3,A3,", '",TRIM(D3),"'") -> EXECUTE [dbo].[PG_CI_ARCUSFIL_PROGRAM] 0, 0, 46, 'WL' | K3: . | L3: EXECUTE [dbo].[PG_CI_ARCUSFIL_PROGRAM_MODEL] 0, 0, | M3: =_xlfn.CONCAT(L3,E3,", '",TRIM(F3),"', '",TRIM(G3),"'") -> EXECUTE [dbo].[PG_CI_ARCUSFIL_PROGRAM_MODEL] 0, 0, 1, 'WD7', '2021 WL DL 75 VPD'
A4: 1 | B4: CNII01 | C4: X | D4: U377 | E4: 2 | F4: 77H | G4: U377 FORD HEADREST | I4: EXECUTE [dbo].[PG_CI_ARCUSFIL_PROGRAM] 0, 0, | J4: =_xlfn.CONCAT(I4,A4,", '",TRIM(D4),"'") -> EXECUTE [dbo].[PG_CI_ARCUSFIL_PROGRAM] 0, 0, 1, 'U377' | K4: . | L4: EXECUTE [dbo].[PG_CI_ARCUSFIL_PROGRAM_MODEL] 0, 0, | M4: =_xlfn.CONCAT(L4,E4,", '",TRIM(F4),"', '",TRIM(G4),"'") -> EXECUTE [dbo].[PG_CI_ARCUSFIL_PROGRAM_MODEL] 0, 0, 2, '77H', 'U377 FORD HEADREST'
A5: 56 | B5: DAIM05 | C5: X | D5: WK | E5: 3 | F5: WDK | G5: 2021 WK WD 2ND ROW ARMREST | I5: EXECUTE [dbo].[PG_CI_ARCUSFIL_PROGRAM] 0, 0, | J5: =_xlfn.CONCAT(I5,A5,", '",TRIM(D5),"'") -> EXECUTE [dbo].[PG_CI_ARCUSFIL_PROGRAM] 0, 0, 56, 'WK' | K5: . | L5: EXECUTE [dbo].[PG_CI_ARCUSFIL_PROGRAM_MODEL] 0, 0, | M5: =_xlfn.CONCAT(L5,E5,", '",TRIM(F5),"', '",TRIM(G5),"'") -> EXECUTE [dbo].[PG_CI_ARCUSFIL_PROGRAM_MODEL] 0, 0, 3, 'WDK', '2021 WK WD 2ND ROW ARMREST'
A6: 57 | B6: EISS01 | C6: X | D6: WL | E6: 4 | F6: WLE | G6: 2021 WL EISMANN | I6: EXECUTE [dbo].[PG_CI_ARCUSFIL_PROGRAM] 0, 0, | J6: =_xlfn.CONCAT(I6,A6,", '",TRIM(D6),"'") -> EXECUTE [dbo].[PG_CI_ARCUSFIL_PROGRAM] 0, 0, 57, 'WL' | K6: . | L6: EXECUTE [dbo].[PG_CI_ARCUSFIL_PROGRAM_MODEL] 0, 0, | M6: =_xlfn.CONCAT(L6,E6,", '",TRIM(F6),"', '",TRIM(G6),"'") -> EXECUTE [dbo].[PG_CI_ARCUSFIL_PROGRAM_MODEL] 0, 0, 4, 'WLE', '2021 WL EISMANN'
A7: 51 | B7: FAUR01 | C7: X | D7: WS | E7: 5 | F7: C3A | G7: 2021 WS BL-GL EEP 3RD ROW | I7: EXECUTE [dbo].[PG_CI_ARCUSFIL_PROGRAM] 0, 0, | J7: =_xlfn.CONCAT(I7,A7,", '",TRIM(D7),"'") -> EXECUTE [dbo].[PG_CI_ARCUSFIL_PROGRAM] 0, 0, 51, 'WS' | K7: . | L7: EXECUTE [dbo].[PG_CI_ARCUSFIL_PROGRAM_MODEL] 0, 0, | M7: =_xlfn.CONCAT(L7,E7,", '",TRIM(F7),"', '",TRIM(G7),"'") -> EXECUTE [dbo].[PG_CI_ARCUSFIL_PROGRAM_MODEL] 0, 0, 5, 'C3A', '2021 WS BL-GL EEP 3RD ROW'
A8: 51 | B8: FAUR01 | D8: WS | E8: 5 | F8: C3B | G8: 2021 WS AL JEEP 3RD ROW | K8: . | L8: EXECUTE [dbo].[PG_CI_ARCUSFIL_PROGRAM_MODEL] 0, 0, | M8: =_xlfn.CONCAT(L8,E8,", '",TRIM(F8),"', '",TRIM(G8),"'") -> EXECUTE [dbo].[PG_CI_ARCUSFIL_PROGRAM_MODEL] 0, 0, 5, 'C3B', '2021 WS AL JEEP 3RD ROW'
A9: 51 | B9: FAUR01 | D9: WS | E9: 5 | F9: FW2 | G9: 2021 WS JEEP SL NEVER QUILTED | K9: . | L9: EXECUTE [dbo].[PG_CI_ARCUSFIL_PROGRAM_MODEL] 0, 0, | M9: =_xlfn.CONCAT(L9,E9,", '",TRIM(F9),"', '",TRIM(G9),"'") -> EXECUTE [dbo].[PG_CI_ARCUSFIL_PROGRAM_MODEL] 0, 0, 5, 'FW2', '2021 WS JEEP SL NEVER QUILTED'
A10: 51 | B10: FAUR01 | D10: WS | E10: 5 | F10: FWS | G10: 2021 WS AL JEEP BASE | K10: . | L10: EXECUTE [dbo].[PG_CI_ARCUSFIL_PROGRAM_MODEL] 0, 0, | M10: =_xlfn.CONCAT(L10,E10,", '",TRIM(F10),"', '",TRIM(G10),"'") -> EXECUTE [dbo].[PG_CI_ARCUSFIL_PROGRAM_MODEL] 0, 0, 5, 'FWS', '2021 WS AL JEEP BASE'
A11: 51 | B11: FAUR01 | D11: WS | E11: 5 | F11: S3S | G11: 2021 WS SL JEEP 3RD ROW | K11: . | L11: EXECUTE [dbo].[PG_CI_ARCUSFIL_PROGRAM_MODEL] 0, 0, | M11: =_xlfn.CONCAT(L11,E11,", '",TRIM(F11),"', '",TRIM(G11),"'") -> EXECUTE [dbo].[PG_CI_ARCUSFIL_PROGRAM_MODEL] 0, 0, 5, 'S3S', '2021 WS SL JEEP 3RD ROW'
A12: 51 | B12: FAUR01 | D12: WS | E12: 5 | F12: S3U | G12: 2021 WS UL JEEP 3RD ROW | K12: . | L12: EXECUTE [dbo].[PG_CI_ARCUSFIL_PROGRAM_MODEL] 0, 0, | M12: =_xlfn.CONCAT(L12,E12,", '",TRIM(F12),"', '",TRIM(G12),"'") -> EXECUTE [dbo].[PG_CI_ARCUSFIL_PROGRAM_MODEL] 0, 0, 5, 'S3U', '2021 WS UL JEEP 3RD ROW'
A13: 51 | B13: FAUR01 | D13: WS | E13: 5 | F13: WS3 | G13: 2021 WS UL ALWAYS QUILTED | K13: . | L13: EXECUTE [dbo].[PG_CI_ARCUSFIL_PROGRAM_MODEL] 0, 0, | M13: =_xlfn.CONCAT(L13,E13,", '",TRIM(F13),"', '",TRIM(G13),"'") -> EXECUTE [dbo].[PG_CI_ARCUSFIL_PROGRAM_MODEL] 0, 0, 5, 'WS3', '2021 WS UL ALWAYS QUILTED'
A14: 5 | B14: FIND02 | C14: X | D14: U364 | E14: 6 | F14: MCY | G14: U364 MERCURY LTD FINDALY | I14: EXECUTE [dbo].[PG_CI_ARCUSFIL_PROGRAM] 0, 0, | J14: =_xlfn.CONCAT(I14,A14,", '",TRIM(D14),"'") -> EXECUTE [dbo].[PG_CI_ARCUSFIL_PROGRAM] 0, 0, 5, 'U364' | K14: . | L14: EXECUTE [dbo].[PG_CI_ARCUSFIL_PROGRAM_MODEL] 0, 0, | M14: =_xlfn.CONCAT(L14,E14,", '",TRIM(F14),"', '",TRIM(G14),"'") -> EXECUTE [dbo].[PG_CI_ARCUSFIL_PROGRAM_MODEL] 0, 0, 6, 'MCY', 'U364 MERCURY LTD FINDALY'
A15: 40 | B15: GRAM01 | C15: X | D15: U388 | E15: 7 | F15: GAR | G15: U388 LINCOLN ARMREST | I15: EXECUTE [dbo].[PG_CI_ARCUSFIL_PROGRAM] 0, 0, | J15: =_xlfn.CONCAT(I15,A15,", '",TRIM(D15),"'") -> EXECUTE [dbo].[PG_CI_ARCUSFIL_PROGRAM] 0, 0, 40, 'U388' | K15: . | L15: EXECUTE [dbo].[PG_CI_ARCUSFIL_PROGRAM_MODEL] 0, 0, | M15: =_xlfn.CONCAT(L15,E15,", '",TRIM(F15),"', '",TRIM(G15),"'") -> EXECUTE [dbo].[PG_CI_ARCUSFIL_PROGRAM_MODEL] 0, 0, 7, 'GAR', 'U388 LINCOLN ARMREST'
A16: 54 | B16: GRAM04 | C16: X | D16: WL | E16: 8 | F16: GR1 | G16: 2021 WL 75 QUADS 2ND. ROW ARMR | I16: EXECUTE [dbo].[PG_CI_ARCUSFIL_PROGRAM] 0, 0, | J16: =_xlfn.CONCAT(I16,A16,", '",TRIM(D16),"'") -> EXECUTE [dbo].[PG_CI_ARCUSFIL_PROGRAM] 0, 0, 54, 'WL' | K16: . | L16: EXECUTE [dbo].[PG_CI_ARCUSFIL_PROGRAM_MODEL] 0, 0, | M16: =_xlfn.CONCAT(L16,E16,", '",TRIM(F16),"', '",TRIM(G16),"'") -> EXECUTE [dbo].[PG_CI_ARCUSFIL_PROGRAM_MODEL] 0, 0, 8, 'GR1', '2021 WL 75 QUADS 2ND. ROW ARMR'
A17: 54 | B17: GRAM04 | D17: WL | E17: 8 | F17: GRM | G17: 2021 WL 74/75 2ND. ROW ARMREST | K17: . | L17: EXECUTE [dbo].[PG_CI_ARCUSFIL_PROGRAM_MODEL] 0, 0, | M17: =_xlfn.CONCAT(L17,E17,", '",TRIM(F17),"', '",TRIM(G17),"'") -> EXECUTE [dbo].[PG_CI_ARCUSFIL_PROGRAM_MODEL] 0, 0, 8, 'GRM', '2021 WL 74/75 2ND. ROW ARMREST'
A18: 54 | B18: GRAM04 | D18: WL | E18: 8 | F18: GW2 | G18: 2021 WL 75 QUADS 2ND. ROW AR | K18: . | L18: EXECUTE [dbo].[PG_CI_ARCUSFIL_PROGRAM_MODEL] 0, 0, | M18: =_xlfn.CONCAT(L18,E18,", '",TRIM(F18),"', '",TRIM(G18),"'") -> EXECUTE [dbo].[PG_CI_ARCUSFIL_PROGRAM_MODEL] 0, 0, 8, 'GW2', '2021 WL 75 QUADS 2ND. ROW AR'
A19: 54 | B19: GRAM04 | D19: WL | E19: 8 | F19: GWL | G19: 2021 WL 74/75 2ND. ROW ARMRE | K19: . | L19: EXECUTE [dbo].[PG_CI_ARCUSFIL_PROGRAM_MODEL] 0, 0, | M19: =_xlfn.CONCAT(L19,E19,", '",TRIM(F19),"', '",TRIM(G19),"'") -> EXECUTE [dbo].[PG_CI_ARCUSFIL_PROGRAM_MODEL] 0, 0, 8, 'GWL', '2021 WL 74/75 2ND. ROW ARMRE'
A20: 54 | B20: GRAM04 | C20: X | D20: WS | E20: 9 | F20: GR2 | G20: WS FOLDING 2ND-ROW ARM REST | I20: EXECUTE [dbo].[PG_CI_ARCUSFIL_PROGRAM] 0, 0, | J20: =_xlfn.CONCAT(I20,A20,", '",TRIM(D20),"'") -> EXECUTE [dbo].[PG_CI_ARCUSFIL_PROGRAM] 0, 0, 54, 'WS' | K20: . | L20: EXECUTE [dbo].[PG_CI_ARCUSFIL_PROGRAM_MODEL] 0, 0, | M20: =_xlfn.CONCAT(L20,E20,", '",TRIM(F20),"', '",TRIM(G20),"'") -> EXECUTE [dbo].[PG_CI_ARCUSFIL_PROGRAM_MODEL] 0, 0, 9, 'GR2', 'WS FOLDING 2ND-ROW ARM REST'
A21: 54 | B21: GRAM04 | D21: WS | E21: 9 | F21: GWS | G21: 2021 WS GRAN WAGONNER | K21: . | L21: EXECUTE [dbo].[PG_CI_ARCUSFIL_PROGRAM_MODEL] 0, 0, | M21: =_xlfn.CONCAT(L21,E21,", '",TRIM(F21),"', '",TRIM(G21),"'") -> EXECUTE [dbo].[PG_CI_ARCUSFIL_PROGRAM_MODEL] 0, 0, 9, 'GWS', '2021 WS GRAN WAGONNER'
A22: 7 | B22: IRVI02 | C22: X | D22: GMT | E22: 10 | F22: 193 | G22: GMT 193 2007 | I22: EXECUTE [dbo].[PG_CI_ARCUSFIL_PROGRAM] 0, 0, | J22: =_xlfn.CONCAT(I22,A22,", '",TRIM(D22),"'") -> EXECUTE [dbo].[PG_CI_ARCUSFIL_PROGRAM] 0, 0, 7, 'GMT' | K22: . | L22: EXECUTE [dbo].[PG_CI_ARCUSFIL_PROGRAM_MODEL] 0, 0, | M22: =_xlfn.CONCAT(L22,E22,", '",TRIM(F22),"', '",TRIM(G22),"'") -> EXECUTE [dbo].[PG_CI_ARCUSFIL_PROGRAM_MODEL] 0, 0, 10, '193', 'GMT 193 2007'
A23: 7 | B23: IRVI02 | D23: GMT | E23: 10 | F23: GM1 | G23: GMT 191 PONTIAC TORRENT | K23: . | L23: EXECUTE [dbo].[PG_CI_ARCUSFIL_PROGRAM_MODEL] 0, 0, | M23: =_xlfn.CONCAT(L23,E23,", '",TRIM(F23),"', '",TRIM(G23),"'") -> EXECUTE [dbo].[PG_CI_ARCUSFIL_PROGRAM_MODEL] 0, 0, 10, 'GM1', 'GMT 191 PONTIAC TORRENT'
A24: 7 | B24: IRVI02 | D24: GMT | E24: 10 | F24: GM2 | G24: GMT 192 PONTIAC PERSUIT | K24: . | L24: EXECUTE [dbo].[PG_CI_ARCUSFIL_PROGRAM_MODEL] 0, 0, | M24: =_xlfn.CONCAT(L24,E24,", '",TRIM(F24),"', '",TRIM(G24),"'") -> EXECUTE [dbo].[PG_CI_ARCUSFIL_PROGRAM_MODEL] 0, 0, 10, 'GM2', 'GMT 192 PONTIAC PERSUIT'
A25: 7 | B25: IRVI02 | D25: GMT | E25: 10 | F25: GM3 | G25: ARMREST GMT 193 | K25: . | L25: EXECUTE [dbo].[PG_CI_ARCUSFIL_PROGRAM_MODEL] 0, 0, | M25: =_xlfn.CONCAT(L25,E25,", '",TRIM(F25),"', '",TRIM(G25),"'") -> EXECUTE [dbo].[PG_CI_ARCUSFIL_PROGRAM_MODEL] 0, 0, 10, 'GM3', 'ARMREST GMT 193'
A26: 7 | B26: IRVI02 | D26: GMT | E26: 10 | F26: GXP | G26: GMT 192 GXP 2008 | K26: . | L26: EXECUTE [dbo].[PG_CI_ARCUSFIL_PROGRAM_MODEL] 0, 0, | M26: =_xlfn.CONCAT(L26,E26,", '",TRIM(F26),"', '",TRIM(G26),"'") -> EXECUTE [dbo].[PG_CI_ARCUSFIL_PROGRAM_MODEL] 0, 0, 10, 'GXP', 'GMT 192 GXP 2008'
A27: 7 | B27: IRVI02 | C27: X | D27: JL | E27: 11 | F27: JLI | G27: 2018 JEEP JL | I27: EXECUTE [dbo].[PG_CI_ARCUSFIL_PROGRAM] 0, 0, | J27: =_xlfn.CONCAT(I27,A27,", '",TRIM(D27),"'") -> EXECUTE [dbo].[PG_CI_ARCUSFIL_PROGRAM] 0, 0, 7, 'JL' | K27: . | L27: EXECUTE [dbo].[PG_CI_ARCUSFIL_PROGRAM_MODEL] 0, 0, | M27: =_xlfn.CONCAT(L27,E27,", '",TRIM(F27),"', '",TRIM(G27),"'") -> EXECUTE [dbo].[PG_CI_ARCUSFIL_PROGRAM_MODEL] 0, 0, 11, 'JLI', '2018 JEEP JL'
A28: 7 | B28: IRVI02 | D28: JL | E28: 11 | F28: JPH | G28: 2020 JEEP JL PHEV | K28: . | L28: EXECUTE [dbo].[PG_CI_ARCUSFIL_PROGRAM_MODEL] 0, 0, | M28: =_xlfn.CONCAT(L28,E28,", '",TRIM(F28),"', '",TRIM(G28),"'") -> EXECUTE [dbo].[PG_CI_ARCUSFIL_PROGRAM_MODEL] 0, 0, 11, 'JPH', '2020 JEEP JL PHEV'
A29: 7 | B29: IRVI02 | D29: JL | E29: 11 | F29: JPS | G29: 2021 JEEP JL PHEV SUMMIT | K29: . | L29: EXECUTE [dbo].[PG_CI_ARCUSFIL_PROGRAM_MODEL] 0, 0, | M29: =_xlfn.CONCAT(L29,E29,", '",TRIM(F29),"', '",TRIM(G29),"'") -> EXECUTE [dbo].[PG_CI_ARCUSFIL_PROGRAM_MODEL] 0, 0, 11, 'JPS', '2021 JEEP JL PHEV SUMMIT'
A30: 7 | B30: IRVI02 | D30: JL | E30: 11 | F30: JSU | G30: JEEPJL SUMMIT | K30: . | L30: EXECUTE [dbo].[PG_CI_ARCUSFIL_PROGRAM_MODEL] 0, 0, | M30: =_xlfn.CONCAT(L30,E30,", '",TRIM(F30),"', '",TRIM(G30),"'") -> EXECUTE [dbo].[PG_CI_ARCUSFIL_PROGRAM_MODEL] 0, 0, 11, 'JSU', 'JEEPJL SUMMIT'
A31: 7 | B31: IRVI02 | C31: X | D31: JT | E31: 12 | F31: JJT | G31: 2019 JEEP JT | I31: EXECUTE [dbo].[PG_CI_ARCUSFIL_PROGRAM] 0, 0, | J31: =_xlfn.CONCAT(I31,A31,", '",TRIM(D31),"'") -> EXECUTE [dbo].[PG_CI_ARCUSFIL_PROGRAM] 0, 0, 7, 'JT' | K31: . | L31: EXECUTE [dbo].[PG_CI_ARCUSFIL_PROGRAM_MODEL] 0, 0, | M31: =_xlfn.CONCAT(L31,E31,", '",TRIM(F31),"', '",TRIM(G31),"'") -> EXECUTE [dbo].[PG_CI_ARCUSFIL_PROGRAM_MODEL] 0, 0, 12, 'JJT', '2019 JEEP JT'
A32: 7 | B32: IRVI02 | D32: JT | E32: 12 | F32: JTM | G32: 2019 JEEP JT MOJAVE | K32: . | L32: EXECUTE [dbo].[PG_CI_ARCUSFIL_PROGRAM_MODEL] 0, 0, | M32: =_xlfn.CONCAT(L32,E32,", '",TRIM(F32),"', '",TRIM(G32),"'") -> EXECUTE [dbo].[PG_CI_ARCUSFIL_PROGRAM_MODEL] 0, 0, 12, 'JTM', '2019 JEEP JT MOJAVE'
A33: 7 | B33: IRVI02 | D33: JT | E33: 12 | F33: JTS | G33: 2021 JEEP JT SUMMIT | K33: . | L33: EXECUTE [dbo].[PG_CI_ARCUSFIL_PROGRAM_MODEL] 0, 0, | M33: =_xlfn.CONCAT(L33,E33,", '",TRIM(F33),"', '",TRIM(G33),"'") -> EXECUTE [dbo].[PG_CI_ARCUSFIL_PROGRAM_MODEL] 0, 0, 12, 'JTS', '2021 JEEP JT SUMMIT'
A34: 7 | B34: IRVI02 | C34: X | D34: U387 | E34: 13 | F34: 87C | G34: U387 FORD CUTTING EDGE | I34: EXECUTE [dbo].[PG_CI_ARCUSFIL_PROGRAM] 0, 0, | J34: =_xlfn.CONCAT(I34,A34,", '",TRIM(D34),"'") -> EXECUTE [dbo].[PG_CI_ARCUSFIL_PROGRAM] 0, 0, 7, 'U387' | K34: . | L34: EXECUTE [dbo].[PG_CI_ARCUSFIL_PROGRAM_MODEL] 0, 0, | M34: =_xlfn.CONCAT(L34,E34,", '",TRIM(F34),"', '",TRIM(G34),"'") -> EXECUTE [dbo].[PG_CI_ARCUSFIL_PROGRAM_MODEL] 0, 0, 13, '87C', 'U387 FORD CUTTING EDGE'
A35: 7 | B35: IRVI02 | D35: U387 | E35: 13 | F35: 87P | G35: U387 FORD PREMIUM | K35: . | L35: EXECUTE [dbo].[PG_CI_ARCUSFIL_PROGRAM_MODEL] 0, 0, | M35: =_xlfn.CONCAT(L35,E35,", '",TRIM(F35),"', '",TRIM(G35),"'") -> EXECUTE [dbo].[PG_CI_ARCUSFIL_PROGRAM_MODEL] 0, 0, 13, '87P', 'U387 FORD PREMIUM'
A36: 7 | B36: IRVI02 | C36: X | D36: U388 | E36: 14 | F36: 88A | G36: U388 LINCOLN ARMREST | I36: EXECUTE [dbo].[PG_CI_ARCUSFIL_PROGRAM] 0, 0, | J36: =_xlfn.CONCAT(I36,A36,", '",TRIM(D36),"'") -> EXECUTE [dbo].[PG_CI_ARCUSFIL_PROGRAM] 0, 0, 7, 'U388' | K36: . | L36: EXECUTE [dbo].[PG_CI_ARCUSFIL_PROGRAM_MODEL] 0, 0, | M36: =_xlfn.CONCAT(L36,E36,", '",TRIM(F36),"', '",TRIM(G36),"'") -> EXECUTE [dbo].[PG_CI_ARCUSFIL_PROGRAM_MODEL] 0, 0, 14, '88A', 'U388 LINCOLN ARMREST'
A37: 7 | B37: IRVI02 | D37: U388 | E37: 14 | F37: 88H | G37: U388 HEADREST | K37: . | L37: EXECUTE [dbo].[PG_CI_ARCUSFIL_PROGRAM_MODEL] 0, 0, | M37: =_xlfn.CONCAT(L37,E37,", '",TRIM(F37),"', '",TRIM(G37),"'") -> EXECUTE [dbo].[PG_CI_ARCUSFIL_PROGRAM_MODEL] 0, 0, 14, '88H', 'U388 HEADREST'
A38: 7 | B38: IRVI02 | D38: U388 | E38: 14 | F38: 88L | G38: U388 LINCOLN LIMITED | K38: . | L38: EXECUTE [dbo].[PG_CI_ARCUSFIL_PROGRAM_MODEL] 0, 0, | M38: =_xlfn.CONCAT(L38,E38,", '",TRIM(F38),"', '",TRIM(G38),"'") -> EXECUTE [dbo].[PG_CI_ARCUSFIL_PROGRAM_MODEL] 0, 0, 14, '88L', 'U388 LINCOLN LIMITED'
A39: 7 | B39: IRVI02 | C39: X | D39: V229 | E39: 15 | F39: VFL | G39: V229 FORD FREESTAR LTD | I39: EXECUTE [dbo].[PG_CI_ARCUSFIL_PROGRAM] 0, 0, | J39: =_xlfn.CONCAT(I39,A39,", '",TRIM(D39),"'") -> EXECUTE [dbo].[PG_CI_ARCUSFIL_PROGRAM] 0, 0, 7, 'V229' | K39: . | L39: EXECUTE [dbo].[PG_CI_ARCUSFIL_PROGRAM_MODEL] 0, 0, | M39: =_xlfn.CONCAT(L39,E39,", '",TRIM(F39),"', '",TRIM(G39),"'") -> EXECUTE [dbo].[PG_CI_ARCUSFIL_PROGRAM_MODEL] 0, 0, 15, 'VFL', 'V229 FORD FREESTAR LTD'
A40: 7 | B40: IRVI02 | D40: V229 | E40: 15 | F40: VML | G40: V229 FREESTAR MERCURY LTD | K40: . | L40: EXECUTE [dbo].[PG_CI_ARCUSFIL_PROGRAM_MODEL] 0, 0, | M40: =_xlfn.CONCAT(L40,E40,", '",TRIM(F40),"', '",TRIM(G40),"'") -> EXECUTE [dbo].[PG_CI_ARCUSFIL_PROGRAM_MODEL] 0, 0, 15, 'VML', 'V229 FREESTAR MERCURY LTD'
A41: 7 | B41: IRVI02 | D41: V229 | E41: 15 | F41: VMP | G41: V229 FREESTAR MPA | K41: . | L41: EXECUTE [dbo].[PG_CI_ARCUSFIL_PROGRAM_MODEL] 0, 0, | M41: =_xlfn.CONCAT(L41,E41,", '",TRIM(F41),"', '",TRIM(G41),"'") -> EXECUTE [dbo].[PG_CI_ARCUSFIL_PROGRAM_MODEL] 0, 0, 15, 'VMP', 'V229 FREESTAR MPA'
A42: 7 | B42: IRVI02 | D42: V229 | E42: 15 | F42: VMX | G42: V229 FREESTAR MXA | K42: . | L42: EXECUTE [dbo].[PG_CI_ARCUSFIL_PROGRAM_MODEL] 0, 0, | M42: =_xlfn.CONCAT(L42,E42,", '",TRIM(F42),"', '",TRIM(G42),"'") -> EXECUTE [dbo].[PG_CI_ARCUSFIL_PROGRAM_MODEL] 0, 0, 15, 'VMX', 'V229 FREESTAR MXA'
A43: 7 | B43: IRVI02 | C43: X | D43: WL | E43: 16 | F43: WLS | G43: WLS JEEP 2020 | I43: EXECUTE [dbo].[PG_CI_ARCUSFIL_PROGRAM] 0, 0, | J43: =_xlfn.CONCAT(I43,A43,", '",TRIM(D43),"'") -> EXECUTE [dbo].[PG_CI_ARCUSFIL_PROGRAM] 0, 0, 7, 'WL' | K43: . | L43: EXECUTE [dbo].[PG_CI_ARCUSFIL_PROGRAM_MODEL] 0, 0, | M43: =_xlfn.CONCAT(L43,E43,", '",TRIM(F43),"', '",TRIM(G43),"'") -> EXECUTE [dbo].[PG_CI_ARCUSFIL_PROGRAM_MODEL] 0, 0, 16, 'WLS', 'WLS JEEP 2020'
A44: 34 | B44: IRVI03 | C44: X | D44: GMT | E44: 17 | F44: 191 | G44: GMT 191 2008 | I44: EXECUTE [dbo].[PG_CI_ARCUSFIL_PROGRAM] 0, 0, | J44: =_xlfn.CONCAT(I44,A44,", '",TRIM(D44),"'") -> EXECUTE [dbo].[PG_CI_ARCUSFIL_PROGRAM] 0, 0, 34, 'GMT' | K44: . | L44: EXECUTE [dbo].[PG_CI_ARCUSFIL_PROGRAM_MODEL] 0, 0, | M44: =_xlfn.CONCAT(L44,E44,", '",TRIM(F44),"', '",TRIM(G44),"'") -> EXECUTE [dbo].[PG_CI_ARCUSFIL_PROGRAM_MODEL] 0, 0, 17, '191', 'GMT 191 2008'
A45: 34 | B45: IRVI03 | D45: GMT | E45: 17 | F45: 192 | G45: GMT 192 2008 | K45: . | L45: EXECUTE [dbo].[PG_CI_ARCUSFIL_PROGRAM_MODEL] 0, 0, | M45: =_xlfn.CONCAT(L45,E45,", '",TRIM(F45),"', '",TRIM(G45),"'") -> EXECUTE [dbo].[PG_CI_ARCUSFIL_PROGRAM_MODEL] 0, 0, 17, '192', 'GMT 192 2008'
A46: 34 | B46: IRVI03 | D46: GMT | E46: 17 | F46: ARM | G46: ARMREST GMT 193 | K46: . | L46: EXECUTE [dbo].[PG_CI_ARCUSFIL_PROGRAM_MODEL] 0, 0, | M46: =_xlfn.CONCAT(L46,E46,", '",TRIM(F46),"', '",TRIM(G46),"'") -> EXECUTE [dbo].[PG_CI_ARCUSFIL_PROGRAM_MODEL] 0, 0, 17, 'ARM', 'ARMREST GMT 193'
A47: 34 | B47: IRVI03 | D47: GMT | E47: 17 | F47: G93 | G47: GMT 193 2008 | K47: . | L47: EXECUTE [dbo].[PG_CI_ARCUSFIL_PROGRAM_MODEL] 0, 0, | M47: =_xlfn.CONCAT(L47,E47,", '",TRIM(F47),"', '",TRIM(G47),"'") -> EXECUTE [dbo].[PG_CI_ARCUSFIL_PROGRAM_MODEL] 0, 0, 17, 'G93', 'GMT 193 2008'
A48: 34 | B48: IRVI03 | D48: GMT | E48: 17 | F48: GX2 | G48: GMT 192 GXP 2008 | K48: . | L48: EXECUTE [dbo].[PG_CI_ARCUSFIL_PROGRAM_MODEL] 0, 0, | M48: =_xlfn.CONCAT(L48,E48,", '",TRIM(F48),"', '",TRIM(G48),"'") -> EXECUTE [dbo].[PG_CI_ARCUSFIL_PROGRAM_MODEL] 0, 0, 17, 'GX2', 'GMT 192 GXP 2008'
A49: 32 | B49: JOHN01 | C49: X | D49: U388 | E49: 18 | F49: PL0 | G49: U388 CONSOLE | I49: EXECUTE [dbo].[PG_CI_ARCUSFIL_PROGRAM] 0, 0, | J49: =_xlfn.CONCAT(I49,A49,", '",TRIM(D49),"'") -> EXECUTE [dbo].[PG_CI_ARCUSFIL_PROGRAM] 0, 0, 32, 'U388' | K49: . | L49: EXECUTE [dbo].[PG_CI_ARCUSFIL_PROGRAM_MODEL] 0, 0, | M49: =_xlfn.CONCAT(L49,E49,", '",TRIM(F49),"', '",TRIM(G49),"'") -> EXECUTE [dbo].[PG_CI_ARCUSFIL_PROGRAM_MODEL] 0, 0, 18, 'PL0', 'U388 CONSOLE'
A50: 9 | B50: JOHN02 | C50: X | D50: GM360 | E50: 19 | F50: CHI | G50: GM360 CHEVY / ISUZU /GMC CHINA | I50: EXECUTE [dbo].[PG_CI_ARCUSFIL_PROGRAM] 0, 0, | J50: =_xlfn.CONCAT(I50,A50,", '",TRIM(D50),"'") -> EXECUTE [dbo].[PG_CI_ARCUSFIL_PROGRAM] 0, 0, 9, 'GM360' | K50: . | L50: EXECUTE [dbo].[PG_CI_ARCUSFIL_PROGRAM_MODEL] 0, 0, | M50: =_xlfn.CONCAT(L50,E50,", '",TRIM(F50),"', '",TRIM(G50),"'") -> EXECUTE [dbo].[PG_CI_ARCUSFIL_PROGRAM_MODEL] 0, 0, 19, 'CHI', 'GM360 CHEVY / ISUZU /GMC CHINA'
A51: 9 | B51: JOHN02 | C51: X | D51: JCI | E51: 20 | F51: 114 | G51: EN114 CONSOLE JCI | I51: EXECUTE [dbo].[PG_CI_ARCUSFIL_PROGRAM] 0, 0, | J51: =_xlfn.CONCAT(I51,A51,", '",TRIM(D51),"'") -> EXECUTE [dbo].[PG_CI_ARCUSFIL_PROGRAM] 0, 0, 9, 'JCI' | K51: . | L51: EXECUTE [dbo].[PG_CI_ARCUSFIL_PROGRAM_MODEL] 0, 0, | M51: =_xlfn.CONCAT(L51,E51,", '",TRIM(F51),"', '",TRIM(G51),"'") -> EXECUTE [dbo].[PG_CI_ARCUSFIL_PROGRAM_MODEL] 0, 0, 20, '114', 'EN114 CONSOLE JCI'
A52: 9 | B52: JOHN02 | D52: JCI | E52: 20 | F52: JCT | G52: JCI-TESLA | K52: . | L52: EXECUTE [dbo].[PG_CI_ARCUSFIL_PROGRAM_MODEL] 0, 0, | M52: =_xlfn.CONCAT(L52,E52,", '",TRIM(F52),"', '",TRIM(G52),"'") -> EXECUTE [dbo].[PG_CI_ARCUSFIL_PROGRAM_MODEL] 0, 0, 20, 'JCT', 'JCI-TESLA'
A53: 37 | B53: JOHN03 | C53: X | D53: GM360 | E53: 21 | F53: BUI | G53: GM 360 BUICK | I53: EXECUTE [dbo].[PG_CI_ARCUSFIL_PROGRAM] 0, 0, | J53: =_xlfn.CONCAT(I53,A53,", '",TRIM(D53),"'") -> EXECUTE [dbo].[PG_CI_ARCUSFIL_PROGRAM] 0, 0, 37, 'GM360' | K53: . | L53: EXECUTE [dbo].[PG_CI_ARCUSFIL_PROGRAM_MODEL] 0, 0, | M53: =_xlfn.CONCAT(L53,E53,", '",TRIM(F53),"', '",TRIM(G53),"'") -> EXECUTE [dbo].[PG_CI_ARCUSFIL_PROGRAM_MODEL] 0, 0, 21, 'BUI', 'GM 360 BUICK'
A54: 37 | B54: JOHN03 | D54: GM360 | E54: 21 | F54: CHE | G54: GM 360 CHEVY / ISUZU / GMC | K54: . | L54: EXECUTE [dbo].[PG_CI_ARCUSFIL_PROGRAM_MODEL] 0, 0, | M54: =_xlfn.CONCAT(L54,E54,", '",TRIM(F54),"', '",TRIM(G54),"'") -> EXECUTE [dbo].[PG_CI_ARCUSFIL_PROGRAM_MODEL] 0, 0, 21, 'CHE', 'GM 360 CHEVY / ISUZU / GMC'
A55: 37 | B55: JOHN03 | D55: GM360 | E55: 21 | F55: DEN | G55: GM 360 DENALY | K55: . | L55: EXECUTE [dbo].[PG_CI_ARCUSFIL_PROGRAM_MODEL] 0, 0, | M55: =_xlfn.CONCAT(L55,E55,", '",TRIM(F55),"', '",TRIM(G55),"'") -> EXECUTE [dbo].[PG_CI_ARCUSFIL_PROGRAM_MODEL] 0, 0, 21, 'DEN', 'GM 360 DENALY'
A56: 37 | B56: JOHN03 | D56: GM360 | E56: 21 | F56: GSS | G56: GM 360 TRAILBLAZER SS | K56: . | L56: EXECUTE [dbo].[PG_CI_ARCUSFIL_PROGRAM_MODEL] 0, 0, | M56: =_xlfn.CONCAT(L56,E56,", '",TRIM(F56),"', '",TRIM(G56),"'") -> EXECUTE [dbo].[PG_CI_ARCUSFIL_PROGRAM_MODEL] 0, 0, 21, 'GSS', 'GM 360 TRAILBLAZER SS'
A57: 37 | B57: JOHN03 | D57: GM360 | E57: 21 | F57: SAA | G57: GM 360 SAAB | K57: . | L57: EXECUTE [dbo].[PG_CI_ARCUSFIL_PROGRAM_MODEL] 0, 0, | M57: =_xlfn.CONCAT(L57,E57,", '",TRIM(F57),"', '",TRIM(G57),"'") -> EXECUTE [dbo].[PG_CI_ARCUSFIL_PROGRAM_MODEL] 0, 0, 21, 'SAA', 'GM 360 SAAB'
A58: 37 | B58: JOHN03 | C58: X | D58: P415 | E58: 22 | F58: 415 | G58: P415 PLATINIUM | I58: EXECUTE [dbo].[PG_CI_ARCUSFIL_PROGRAM] 0, 0, | J58: =_xlfn.CONCAT(I58,A58,", '",TRIM(D58),"'") -> EXECUTE [dbo].[PG_CI_ARCUSFIL_PROGRAM] 0, 0, 37, 'P415' | K58: . | L58: EXECUTE [dbo].[PG_CI_ARCUSFIL_PROGRAM_MODEL] 0, 0, | M58: =_xlfn.CONCAT(L58,E58,", '",TRIM(F58),"', '",TRIM(G58),"'") -> EXECUTE [dbo].[PG_CI_ARCUSFIL_PROGRAM_MODEL] 0, 0, 22, '415', 'P415 PLATINIUM'
A59: 37 | B59: JOHN03 | C59: X | D59: U228 | E59: 23 | F59: 228 | G59: U228 NAVIGATOR LUX/ULT | I59: EXECUTE [dbo].[PG_CI_ARCUSFIL_PROGRAM] 0, 0, | J59: =_xlfn.CONCAT(I59,A59,", '",TRIM(D59),"'") -> EXECUTE [dbo].[PG_CI_ARCUSFIL_PROGRAM] 0, 0, 37, 'U228' | K59: . | L59: EXECUTE [dbo].[PG_CI_ARCUSFIL_PROGRAM_MODEL] 0, 0, | M59: =_xlfn.CONCAT(L59,E59,", '",TRIM(F59),"', '",TRIM(G59),"'") -> EXECUTE [dbo].[PG_CI_ARCUSFIL_PROGRAM_MODEL] 0, 0, 23, '228', 'U228 NAVIGATOR LUX/ULT'
A60: 37 | B60: JOHN03 | D60: U228 | E60: 23 | F60: NAV | G60: U228 NAVIGATOR LUX EDIASA 3 | K60: . | L60: EXECUTE [dbo].[PG_CI_ARCUSFIL_PROGRAM_MODEL] 0, 0, | M60: =_xlfn.CONCAT(L60,E60,", '",TRIM(F60),"', '",TRIM(G60),"'") -> EXECUTE [dbo].[PG_CI_ARCUSFIL_PROGRAM_MODEL] 0, 0, 23, 'NAV', 'U228 NAVIGATOR LUX EDIASA 3'
A61: 38 | B61: JOHN04 | C61: X | D61: GM360 | E61: 24 | F61: SHA | G61: GM 360 CHEVY/ISUZU/GMC SHANGAI | I61: EXECUTE [dbo].[PG_CI_ARCUSFIL_PROGRAM] 0, 0, | J61: =_xlfn.CONCAT(I61,A61,", '",TRIM(D61),"'") -> EXECUTE [dbo].[PG_CI_ARCUSFIL_PROGRAM] 0, 0, 38, 'GM360' | K61: . | L61: EXECUTE [dbo].[PG_CI_ARCUSFIL_PROGRAM_MODEL] 0, 0, | M61: =_xlfn.CONCAT(L61,E61,", '",TRIM(F61),"', '",TRIM(G61),"'") -> EXECUTE [dbo].[PG_CI_ARCUSFIL_PROGRAM_MODEL] 0, 0, 24, 'SHA', 'GM 360 CHEVY/ISUZU/GMC SHANGAI'
A62: 38 | B62: JOHN04 | D62: GM360 | E62: 24 | F62: SHI | G62: GM360 CHEVY SHANGAI | K62: . | L62: EXECUTE [dbo].[PG_CI_ARCUSFIL_PROGRAM_MODEL] 0, 0, | M62: =_xlfn.CONCAT(L62,E62,", '",TRIM(F62),"', '",TRIM(G62),"'") -> EXECUTE [dbo].[PG_CI_ARCUSFIL_PROGRAM_MODEL] 0, 0, 24, 'SHI', 'GM360 CHEVY SHANGAI'
A63: 39 | B63: KONG01 | C63: X | D63: U388 | E63: 25 | F63: KHE | G63: U388 HEADREST | I63: EXECUTE [dbo].[PG_CI_ARCUSFIL_PROGRAM] 0, 0, | J63: =_xlfn.CONCAT(I63,A63,", '",TRIM(D63),"'") -> EXECUTE [dbo].[PG_CI_ARCUSFIL_PROGRAM] 0, 0, 39, 'U388' | K63: . | L63: EXECUTE [dbo].[PG_CI_ARCUSFIL_PROGRAM_MODEL] 0, 0, | M63: =_xlfn.CONCAT(L63,E63,", '",TRIM(F63),"', '",TRIM(G63),"'") -> EXECUTE [dbo].[PG_CI_ARCUSFIL_PROGRAM_MODEL] 0, 0, 25, 'KHE', 'U388 HEADREST'
A64: 13 | B64: LEAV01 | C64: X | D64: D258 | E64: 26 | F64: THL | G64: 2013 D258 TAURUS LTD | I64: EXECUTE [dbo].[PG_CI_ARCUSFIL_PROGRAM] 0, 0, | J64: =_xlfn.CONCAT(I64,A64,", '",TRIM(D64),"'") -> EXECUTE [dbo].[PG_CI_ARCUSFIL_PROGRAM] 0, 0, 13, 'D258' | K64: . | L64: EXECUTE [dbo].[PG_CI_ARCUSFIL_PROGRAM_MODEL] 0, 0, | M64: =_xlfn.CONCAT(L64,E64,", '",TRIM(F64),"', '",TRIM(G64),"'") -> EXECUTE [dbo].[PG_CI_ARCUSFIL_PROGRAM_MODEL] 0, 0, 26, 'THL', '2013 D258 TAURUS LTD'
A65: 13 | B65: LEAV01 | D65: D258 | E65: 26 | F65: THO | G65: 2013 D258 TAURUS SHO & LIMITED | K65: . | L65: EXECUTE [dbo].[PG_CI_ARCUSFIL_PROGRAM_MODEL] 0, 0, | M65: =_xlfn.CONCAT(L65,E65,", '",TRIM(F65),"', '",TRIM(G65),"'") -> EXECUTE [dbo].[PG_CI_ARCUSFIL_PROGRAM_MODEL] 0, 0, 26, 'THO', '2013 D258 TAURUS SHO & LIMITED'
A66: 13 | B66: LEAV01 | D66: D258 | E66: 26 | F66: TSL | G66: 2013 D258 TAURUS SEL | K66: . | L66: EXECUTE [dbo].[PG_CI_ARCUSFIL_PROGRAM_MODEL] 0, 0, | M66: =_xlfn.CONCAT(L66,E66,", '",TRIM(F66),"', '",TRIM(G66),"'") -> EXECUTE [dbo].[PG_CI_ARCUSFIL_PROGRAM_MODEL] 0, 0, 26, 'TSL', '2013 D258 TAURUS SEL'
A67: 13 | B67: LEAV01 | C67: X | D67: GMX365 | E67: 27 | F67: 365 | G67: GMX 365 2008 FIXED | I67: EXECUTE [dbo].[PG_CI_ARCUSFIL_PROGRAM] 0, 0, | J67: =_xlfn.CONCAT(I67,A67,", '",TRIM(D67),"'") -> EXECUTE [dbo].[PG_CI_ARCUSFIL_PROGRAM] 0, 0, 13, 'GMX365' | K67: . | L67: EXECUTE [dbo].[PG_CI_ARCUSFIL_PROGRAM_MODEL] 0, 0, | M67: =_xlfn.CONCAT(L67,E67,", '",TRIM(F67),"', '",TRIM(G67),"'") -> EXECUTE [dbo].[PG_CI_ARCUSFIL_PROGRAM_MODEL] 0, 0, 27, '365', 'GMX 365 2008 FIXED'
A68: 13 | B68: LEAV01 | D68: GMX365 | E68: 27 | F68: G65 | G68: GMX365 BUICK LACROSSE | K68: . | L68: EXECUTE [dbo].[PG_CI_ARCUSFIL_PROGRAM_MODEL] 0, 0, | M68: =_xlfn.CONCAT(L68,E68,", '",TRIM(F68),"', '",TRIM(G68),"'") -> EXECUTE [dbo].[PG_CI_ARCUSFIL_PROGRAM_MODEL] 0, 0, 27, 'G65', 'GMX365 BUICK LACROSSE'
A69: 13 | B69: LEAV01 | C69: X | D69: S197 | E69: 28 | F69: CAL | G69: 2013 S197 MUSTANG CALIFORNIA | I69: EXECUTE [dbo].[PG_CI_ARCUSFIL_PROGRAM] 0, 0, | J69: =_xlfn.CONCAT(I69,A69,", '",TRIM(D69),"'") -> EXECUTE [dbo].[PG_CI_ARCUSFIL_PROGRAM] 0, 0, 13, 'S197' | K69: . | L69: EXECUTE [dbo].[PG_CI_ARCUSFIL_PROGRAM_MODEL] 0, 0, | M69: =_xlfn.CONCAT(L69,E69,", '",TRIM(F69),"', '",TRIM(G69),"'") -> EXECUTE [dbo].[PG_CI_ARCUSFIL_PROGRAM_MODEL] 0, 0, 28, 'CAL', '2013 S197 MUSTANG CALIFORNIA'
A70: 13 | B70: LEAV01 | D70: S197 | E70: 28 | F70: IUP | G70: 2013 S197 MUSTANG IUP | K70: . | L70: EXECUTE [dbo].[PG_CI_ARCUSFIL_PROGRAM_MODEL] 0, 0, | M70: =_xlfn.CONCAT(L70,E70,", '",TRIM(F70),"', '",TRIM(G70),"'") -> EXECUTE [dbo].[PG_CI_ARCUSFIL_PROGRAM_MODEL] 0, 0, 28, 'IUP', '2013 S197 MUSTANG IUP'
A71: 13 | B71: LEAV01 | D71: S197 | E71: 28 | F71: PRM | G71: 2013 S197 MUSTANG PREMIUM | K71: . | L71: EXECUTE [dbo].[PG_CI_ARCUSFIL_PROGRAM_MODEL] 0, 0, | M71: =_xlfn.CONCAT(L71,E71,", '",TRIM(F71),"', '",TRIM(G71),"'") -> EXECUTE [dbo].[PG_CI_ARCUSFIL_PROGRAM_MODEL] 0, 0, 28, 'PRM', '2013 S197 MUSTANG PREMIUM'
A72: 13 | B72: LEAV01 | D72: S197 | E72: 28 | F72: SH1 | G72: 2013 S197 MUSTANG SHELBY 5B8 | K72: . | L72: EXECUTE [dbo].[PG_CI_ARCUSFIL_PROGRAM_MODEL] 0, 0, | M72: =_xlfn.CONCAT(L72,E72,", '",TRIM(F72),"', '",TRIM(G72),"'") -> EXECUTE [dbo].[PG_CI_ARCUSFIL_PROGRAM_MODEL] 0, 0, 28, 'SH1', '2013 S197 MUSTANG SHELBY 5B8'
A73: 13 | B73: LEAV01 | D73: S197 | E73: 28 | F73: SH2 | G73: 2013 S197 MUSTANG SHELBY TT | K73: . | L73: EXECUTE [dbo].[PG_CI_ARCUSFIL_PROGRAM_MODEL] 0, 0, | M73: =_xlfn.CONCAT(L73,E73,", '",TRIM(F73),"', '",TRIM(G73),"'") -> EXECUTE [dbo].[PG_CI_ARCUSFIL_PROGRAM_MODEL] 0, 0, 28, 'SH2', '2013 S197 MUSTANG SHELBY TT'
A74: 17 | B74: MAGN01 | C74: X | D74: GMX001 | E74: 29 | F74: GMC | G74: GMX 001 COUPE | I74: EXECUTE [dbo].[PG_CI_ARCUSFIL_PROGRAM] 0, 0, | J74: =_xlfn.CONCAT(I74,A74,", '",TRIM(D74),"'") -> EXECUTE [dbo].[PG_CI_ARCUSFIL_PROGRAM] 0, 0, 17, 'GMX001' | K74: . | L74: EXECUTE [dbo].[PG_CI_ARCUSFIL_PROGRAM_MODEL] 0, 0, | M74: =_xlfn.CONCAT(L74,E74,", '",TRIM(F74),"', '",TRIM(G74),"'") -> EXECUTE [dbo].[PG_CI_ARCUSFIL_PROGRAM_MODEL] 0, 0, 29, 'GMC', 'GMX 001 COUPE'
A75: 17 | B75: MAGN01 | D75: GMX001 | E75: 29 | F75: GX1 | G75: GMX 001 COUPE L4 | K75: . | L75: EXECUTE [dbo].[PG_CI_ARCUSFIL_PROGRAM_MODEL] 0, 0, | M75: =_xlfn.CONCAT(L75,E75,", '",TRIM(F75),"', '",TRIM(G75),"'") -> EXECUTE [dbo].[PG_CI_ARCUSFIL_PROGRAM_MODEL] 0, 0, 29, 'GX1', 'GMX 001 COUPE L4'
A76: 17 | B76: MAGN01 | D76: GMX001 | E76: 29 | F76: GXS | G76: GMX001 SEDAN | K76: . | L76: EXECUTE [dbo].[PG_CI_ARCUSFIL_PROGRAM_MODEL] 0, 0, | M76: =_xlfn.CONCAT(L76,E76,", '",TRIM(F76),"', '",TRIM(G76),"'") -> EXECUTE [dbo].[PG_CI_ARCUSFIL_PROGRAM_MODEL] 0, 0, 29, 'GXS', 'GMX001 SEDAN'
A77: 17 | B77: MAGN01 | C77: X | D77: U204 | E77: 30 | F77: U20 | G77: U204 MAZDA AIR BAG | I77: EXECUTE [dbo].[PG_CI_ARCUSFIL_PROGRAM] 0, 0, | J77: =_xlfn.CONCAT(I77,A77,", '",TRIM(D77),"'") -> EXECUTE [dbo].[PG_CI_ARCUSFIL_PROGRAM] 0, 0, 17, 'U204' | K77: . | L77: EXECUTE [dbo].[PG_CI_ARCUSFIL_PROGRAM_MODEL] 0, 0, | M77: =_xlfn.CONCAT(L77,E77,", '",TRIM(F77),"', '",TRIM(G77),"'") -> EXECUTE [dbo].[PG_CI_ARCUSFIL_PROGRAM_MODEL] 0, 0, 30, 'U20', 'U204 MAZDA AIR BAG'
A78: 17 | B78: MAGN01 | D78: U204 | E78: 30 | F78: U2F | G78: U204 FORD LTD AB | K78: . | L78: EXECUTE [dbo].[PG_CI_ARCUSFIL_PROGRAM_MODEL] 0, 0, | M78: =_xlfn.CONCAT(L78,E78,", '",TRIM(F78),"', '",TRIM(G78),"'") -> EXECUTE [dbo].[PG_CI_ARCUSFIL_PROGRAM_MODEL] 0, 0, 30, 'U2F', 'U204 FORD LTD AB'
A79: 17 | B79: MAGN01 | D79: U204 | E79: 30 | F79: U2L | G79: U204 FORD LTD STD | K79: . | L79: EXECUTE [dbo].[PG_CI_ARCUSFIL_PROGRAM_MODEL] 0, 0, | M79: =_xlfn.CONCAT(L79,E79,", '",TRIM(F79),"', '",TRIM(G79),"'") -> EXECUTE [dbo].[PG_CI_ARCUSFIL_PROGRAM_MODEL] 0, 0, 30, 'U2L', 'U204 FORD LTD STD'
A80: 17 | B80: MAGN01 | D80: U204 | E80: 30 | F80: U2M | G80: U204 MAZDA PREMIUM | K80: . | L80: EXECUTE [dbo].[PG_CI_ARCUSFIL_PROGRAM_MODEL] 0, 0, | M80: =_xlfn.CONCAT(L80,E80,", '",TRIM(F80),"', '",TRIM(G80),"'") -> EXECUTE [dbo].[PG_CI_ARCUSFIL_PROGRAM_MODEL] 0, 0, 30, 'U2M', 'U204 MAZDA PREMIUM'
A81: 17 | B81: MAGN01 | C81: X | D81: U364 | E81: 31 | F81: U3L | G81: U364 MERCURY LTD STD | I81: EXECUTE [dbo].[PG_CI_ARCUSFIL_PROGRAM] 0, 0, | J81: =_xlfn.CONCAT(I81,A81,", '",TRIM(D81),"'") -> EXECUTE [dbo].[PG_CI_ARCUSFIL_PROGRAM] 0, 0, 17, 'U364' | K81: . | L81: EXECUTE [dbo].[PG_CI_ARCUSFIL_PROGRAM_MODEL] 0, 0, | M81: =_xlfn.CONCAT(L81,E81,", '",TRIM(F81),"', '",TRIM(G81),"'") -> EXECUTE [dbo].[PG_CI_ARCUSFIL_PROGRAM_MODEL] 0, 0, 31, 'U3L', 'U364 MERCURY LTD STD'
A82: 17 | B82: MAGN01 | D82: U364 | E82: 31 | F82: U3P | G82: U364 MCY PREMIUM | K82: . | L82: EXECUTE [dbo].[PG_CI_ARCUSFIL_PROGRAM_MODEL] 0, 0, | M82: =_xlfn.CONCAT(L82,E82,", '",TRIM(F82),"', '",TRIM(G82),"'") -> EXECUTE [dbo].[PG_CI_ARCUSFIL_PROGRAM_MODEL] 0, 0, 31, 'U3P', 'U364 MCY PREMIUM'
A83: 17 | B83: MAGN01 | C83: X | D83: U377 | E83: 32 | F83: HRM | G83: U377 HEADREST 2010 | I83: EXECUTE [dbo].[PG_CI_ARCUSFIL_PROGRAM] 0, 0, | J83: =_xlfn.CONCAT(I83,A83,", '",TRIM(D83),"'") -> EXECUTE [dbo].[PG_CI_ARCUSFIL_PROGRAM] 0, 0, 17, 'U377' | K83: . | L83: EXECUTE [dbo].[PG_CI_ARCUSFIL_PROGRAM_MODEL] 0, 0, | M83: =_xlfn.CONCAT(L83,E83,", '",TRIM(F83),"', '",TRIM(G83),"'") -> EXECUTE [dbo].[PG_CI_ARCUSFIL_PROGRAM_MODEL] 0, 0, 32, 'HRM', 'U377 HEADREST 2010'
A84: 17 | B84: MAGN01 | D84: U377 | E84: 32 | F84: MAZ | G84: U377 MAZDA PREMIUM 2009 | K84: . | L84: EXECUTE [dbo].[PG_CI_ARCUSFIL_PROGRAM_MODEL] 0, 0, | M84: =_xlfn.CONCAT(L84,E84,", '",TRIM(F84),"', '",TRIM(G84),"'") -> EXECUTE [dbo].[PG_CI_ARCUSFIL_PROGRAM_MODEL] 0, 0, 32, 'MAZ', 'U377 MAZDA PREMIUM 2009'
A85: 17 | B85: MAGN01 | D85: U377 | E85: 32 | F85: MP9 | G85: U377 MERCURY PREMIUM 2009 | K85: . | L85: EXECUTE [dbo].[PG_CI_ARCUSFIL_PROGRAM_MODEL] 0, 0, | M85: =_xlfn.CONCAT(L85,E85,", '",TRIM(F85),"', '",TRIM(G85),"'") -> EXECUTE [dbo].[PG_CI_ARCUSFIL_PROGRAM_MODEL] 0, 0, 32, 'MP9', 'U377 MERCURY PREMIUM 2009'
A86: 17 | B86: MAGN01 | D86: U377 | E86: 32 | F86: PL1 | G86: U377 FORD PREMIUM 11 PLM | K86: . | L86: EXECUTE [dbo].[PG_CI_ARCUSFIL_PROGRAM_MODEL] 0, 0, | M86: =_xlfn.CONCAT(L86,E86,", '",TRIM(F86),"', '",TRIM(G86),"'") -> EXECUTE [dbo].[PG_CI_ARCUSFIL_PROGRAM_MODEL] 0, 0, 32, 'PL1', 'U377 FORD PREMIUM 11 PLM'
A87: 17 | B87: MAGN01 | D87: U377 | E87: 32 | F87: U37 | G87: U377 MERCURY LTD 2008 | K87: . | L87: EXECUTE [dbo].[PG_CI_ARCUSFIL_PROGRAM_MODEL] 0, 0, | M87: =_xlfn.CONCAT(L87,E87,", '",TRIM(F87),"', '",TRIM(G87),"'") -> EXECUTE [dbo].[PG_CI_ARCUSFIL_PROGRAM_MODEL] 0, 0, 32, 'U37', 'U377 MERCURY LTD 2008'
A88: 17 | B88: MAGN01 | D88: U377 | E88: 32 | F88: U3M | G88: U377 MERCURY PREMIUM 2008 | K88: . | L88: EXECUTE [dbo].[PG_CI_ARCUSFIL_PROGRAM_MODEL] 0, 0, | M88: =_xlfn.CONCAT(L88,E88,", '",TRIM(F88),"', '",TRIM(G88),"'") -> EXECUTE [dbo].[PG_CI_ARCUSFIL_PROGRAM_MODEL] 0, 0, 32, 'U3M', 'U377 MERCURY PREMIUM 2008'
A89: 17 | B89: MAGN01 | D89: U377 | E89: 32 | F89: U77 | G89: U377 FORD MONO TONE | K89: . | L89: EXECUTE [dbo].[PG_CI_ARCUSFIL_PROGRAM_MODEL] 0, 0, | M89: =_xlfn.CONCAT(L89,E89,", '",TRIM(F89),"', '",TRIM(G89),"'") -> EXECUTE [dbo].[PG_CI_ARCUSFIL_PROGRAM_MODEL] 0, 0, 32, 'U77', 'U377 FORD MONO TONE'
A90: 17 | B90: MAGN01 | D90: U377 | E90: 32 | F90: UMA | G90: U377 MAZDA PREMIUM 2008 | K90: . | L90: EXECUTE [dbo].[PG_CI_ARCUSFIL_PROGRAM_MODEL] 0, 0, | M90: =_xlfn.CONCAT(L90,E90,", '",TRIM(F90),"', '",TRIM(G90),"'") -> EXECUTE [dbo].[PG_CI_ARCUSFIL_PROGRAM_MODEL] 0, 0, 32, 'UMA', 'U377 MAZDA PREMIUM 2008'
A91: 17 | B91: MAGN01 | C91: X | D91: U553 | E91: 33 | F91: U55 | G91: 2019 U553 EXPEDITION | I91: EXECUTE [dbo].[PG_CI_ARCUSFIL_PROGRAM] 0, 0, | J91: =_xlfn.CONCAT(I91,A91,", '",TRIM(D91),"'") -> EXECUTE [dbo].[PG_CI_ARCUSFIL_PROGRAM] 0, 0, 17, 'U553' | K91: . | L91: EXECUTE [dbo].[PG_CI_ARCUSFIL_PROGRAM_MODEL] 0, 0, | M91: =_xlfn.CONCAT(L91,E91,", '",TRIM(F91),"', '",TRIM(G91),"'") -> EXECUTE [dbo].[PG_CI_ARCUSFIL_PROGRAM_MODEL] 0, 0, 33, 'U55', '2019 U553 EXPEDITION'
A92: 17 | B92: MAGN01 | C92: X | D92: VN127 | E92: 34 | F92: PLA | G92: VN-127 FORD ECONOLINE | I92: EXECUTE [dbo].[PG_CI_ARCUSFIL_PROGRAM] 0, 0, | J92: =_xlfn.CONCAT(I92,A92,", '",TRIM(D92),"'") -> EXECUTE [dbo].[PG_CI_ARCUSFIL_PROGRAM] 0, 0, 17, 'VN127' | K92: . | L92: EXECUTE [dbo].[PG_CI_ARCUSFIL_PROGRAM_MODEL] 0, 0, | M92: =_xlfn.CONCAT(L92,E92,", '",TRIM(F92),"', '",TRIM(G92),"'") -> EXECUTE [dbo].[PG_CI_ARCUSFIL_PROGRAM_MODEL] 0, 0, 34, 'PLA', 'VN-127 FORD ECONOLINE'
A93: 18 | B93: MAGN02 | C93: X | D93: WL | E93: 35 | F93: W7A | G93: 2021 WL 74 AL | I93: EXECUTE [dbo].[PG_CI_ARCUSFIL_PROGRAM] 0, 0, | J93: =_xlfn.CONCAT(I93,A93,", '",TRIM(D93),"'") -> EXECUTE [dbo].[PG_CI_ARCUSFIL_PROGRAM] 0, 0, 18, 'WL' | K93: . | L93: EXECUTE [dbo].[PG_CI_ARCUSFIL_PROGRAM_MODEL] 0, 0, | M93: =_xlfn.CONCAT(L93,E93,", '",TRIM(F93),"', '",TRIM(G93),"'") -> EXECUTE [dbo].[PG_CI_ARCUSFIL_PROGRAM_MODEL] 0, 0, 35, 'W7A', '2021 WL 74 AL'
A94: 18 | B94: MAGN02 | D94: WL | E94: 35 | F94: W7B | G94: 2021 WL 74 BL | K94: . | L94: EXECUTE [dbo].[PG_CI_ARCUSFIL_PROGRAM_MODEL] 0, 0, | M94: =_xlfn.CONCAT(L94,E94,", '",TRIM(F94),"', '",TRIM(G94),"'") -> EXECUTE [dbo].[PG_CI_ARCUSFIL_PROGRAM_MODEL] 0, 0, 35, 'W7B', '2021 WL 74 BL'
A95: 18 | B95: MAGN02 | D95: WL | E95: 35 | F95: W7C | G95: 2021 WL 74 CL 8W | K95: . | L95: EXECUTE [dbo].[PG_CI_ARCUSFIL_PROGRAM_MODEL] 0, 0, | M95: =_xlfn.CONCAT(L95,E95,", '",TRIM(F95),"', '",TRIM(G95),"'") -> EXECUTE [dbo].[PG_CI_ARCUSFIL_PROGRAM_MODEL] 0, 0, 35, 'W7C', '2021 WL 74 CL 8W'
A96: 18 | B96: MAGN02 | D96: WL | E96: 35 | F96: W7D | G96: 2021 WL 74 DL | K96: . | L96: EXECUTE [dbo].[PG_CI_ARCUSFIL_PROGRAM_MODEL] 0, 0, | M96: =_xlfn.CONCAT(L96,E96,", '",TRIM(F96),"', '",TRIM(G96),"'") -> EXECUTE [dbo].[PG_CI_ARCUSFIL_PROGRAM_MODEL] 0, 0, 35, 'W7D', '2021 WL 74 DL'
A97: 18 | B97: MAGN02 | D97: WL | E97: 35 | F97: W7E | G97: 2021 WL 74 EC | K97: . | L97: EXECUTE [dbo].[PG_CI_ARCUSFIL_PROGRAM_MODEL] 0, 0, | M97: =_xlfn.CONCAT(L97,E97,", '",TRIM(F97),"', '",TRIM(G97),"'") -> EXECUTE [dbo].[PG_CI_ARCUSFIL_PROGRAM_MODEL] 0, 0, 35, 'W7E', '2021 WL 74 EC'
A98: 18 | B98: MAGN02 | D98: WL | E98: 35 | F98: W7S | G98: 2021 WL 74 SL | K98: . | L98: EXECUTE [dbo].[PG_CI_ARCUSFIL_PROGRAM_MODEL] 0, 0, | M98: =_xlfn.CONCAT(L98,E98,", '",TRIM(F98),"', '",TRIM(G98),"'") -> EXECUTE [dbo].[PG_CI_ARCUSFIL_PROGRAM_MODEL] 0, 0, 35, 'W7S', '2021 WL 74 SL'
A99: 18 | B99: MAGN02 | D99: WL | E99: 35 | F99: W7T | G99: 2021 WL 74 TL | K99: . | L99: EXECUTE [dbo].[PG_CI_ARCUSFIL_PROGRAM_MODEL] 0, 0, | M99: =_xlfn.CONCAT(L99,E99,", '",TRIM(F99),"', '",TRIM(G99),"'") -> EXECUTE [dbo].[PG_CI_ARCUSFIL_PROGRAM_MODEL] 0, 0, 35, 'W7T', '2021 WL 74 TL'
A100: 18 | B100: MAGN02 | D100: WL | E100: 35 | F100: WAL | G100: 2021 WL 75 AL 8W LIMITED | K100: . | L100: EXECUTE [dbo].[PG_CI_ARCUSFIL_PROGRAM_MODEL] 0, 0, | M100: =_xlfn.CONCAT(L100,E100,", '",TRIM(F100),"', '",TRIM(G100),"'") -> EXECUTE [dbo].[PG_CI_ARCUSFIL_PROGRAM_MODEL] 0, 0, 35, 'WAL', '2021 WL 75 AL 8W LIMITED'
A101: 18 | B101: MAGN02 | D101: WL | E101: 35 | F101: WC1 | G101: 2021 WL 75 CL 12 WAY | K101: . | L101: EXECUTE [dbo].[PG_CI_ARCUSFIL_PROGRAM_MODEL] 0, 0, | M101: =_xlfn.CONCAT(L101,E101,", '",TRIM(F101),"', '",TRIM(G101),"'") -> EXECUTE [dbo].[PG_CI_ARCUSFIL_PROGRAM_MODEL] 0, 0, 35, 'WC1', '2021 WL 75 CL 12 WAY'
...

Sheet Hoja4
F2: K_ARCUSFIL_PROGRAM | G2: S_ARCUSFIL_PROGRAM
F3: 1 | G3: WL | H3: WL | I3: ALGRP1 | J3: X
F4: 2 | G4: U377 | H4: U377 | I4: CNII01 | J4: X
F5: 3 | G5: WK | H5: WK | I5: DAIM05 | J5: X
F6: 4 | G6: WL | H6: WL | I6: EISS01 | J6: X
F7: 5 | G7: WS | H7: WS | I7: FAUR01 | J7: X
F8: 6 | G8: U364 | H8: U364 | I8: FIND02 | J8: X
F9: 7 | G9: U388 | H9: U388 | I9: GRAM01 | J9: X
F10: 8 | G10: WL | H10: WL | I10: GRAM04 | J10: X
F11: 9 | G11: WS | H11: WS | I11: GRAM04 | J11: X
F12: 10 | G12: GMT | H12: GMT | I12: IRVI02 | J12: X
F13: 11 | G13: JL | H13: JL | I13: IRVI02 | J13: X
F14: 12 | G14: JT | H14: JT | I14: IRVI02 | J14: X
... F52: 50 | G52: WL | H52: WL | I52: YANG03 | J52: X

Sheet DATA_02
D2: cus_no | E2: modelno | F2: modeldesc | G2: versionno | H2: versiondesc | I2: changetype | J2: duedate | K2: contractutil | L2: custchglevel | M2: status | N2: currcode | O2: uom | P2: specstatus | Q2: CustRFQDate | R2: CustRFQNo | S2: notes1 | T2: notes2 | U2: notes3 | V2: notes4 | W2: notes5 | X2: spec_edit_fg | Y2: price_edit_fg | Z2: maint_edit_fg | AA2: modver_inherited | AB2: NoAPQP
A3: =VLOOKUP(E3,COTI!F:F,1,FALSE) -> 77H | D3: CNII01 | E3: 77H | F3: U377 FORD HEADREST | G3: 7 | H3: Pricing & Engineering Change | I3: B | J3: 20090505 | K3: 56 | L3: N/A | M3: L | N3: USD | O3: SF | P3: U | Q3: 20090505 | R3: N/A | S3: Engineering Change Folio 0309-191 | X3: Y | AA3: 77H0006 | AB3: NULL
A4: =VLOOKUP(E4,COTI!F:F,1,FALSE) -> WDK | D4: DAIM05 | E4: WDK | F4: 2021 WK WD 2ND ROW ARMREST | G4: 6 | H4: QUOTE SYSTE, | I4: B | J4: 20210621 | K4: 36 | L4: N/A | M4: L | N4: USD | O4: SF | P4: U | Q4: 20210621 | R4: N/A | W4: Model was entered from [TRIM_LEVEL]# 203 | Y4: NULL | AA4: WDK5 | AB4: NULL
A5: =VLOOKUP(E5,COTI!F:F,1,FALSE) -> WLE | D5: EISS01 | E5: WLE | F5: 2021 WL EISMANN | G5: 6 | H5: SORTED/STYLE | I5: B | J5: 20210805 | K5: 30 | L5: N/A | M5: L | N5: USD | O5: SF | P5: U | Q5: 20210805 | R5: TBC | W5: Model was entered from [TRIM_LEVEL]# 258 | X5: NULL | Y5: NULL | AA5: WLE5 | AB5: NULL
A6: =VLOOKUP(E6,COTI!F:F,1,FALSE) -> C3A | D6: FAUR01 | E6: C3A | F6: 2021 WS BL-GL EEP 3RD ROW | G6: 7 | H6: ADD SORTED/STYLE | I6: B | J6: 20210730 | K6: 100 | L6: N/A | M6: L | N6: USD | O6: SF | P6: U | Q6: 20210730 | R6: NA | W6: Model was entered from [TRIM_LEVEL]# 227 | AA6: C3A6 | AB6: NULL
A7: =VLOOKUP(E7,COTI!F:F,1,FALSE) -> C3B | D7: FAUR01 | E7: C3B | F7: 2021 WS AL JEEP 3RD ROW | G7: 7 | H7: ADD SORTED/STYLE | I7: B | J7: 20210730 | K7: 100 | L7: N/A | M7: L | N7: USD | O7: SF | P7: U | Q7: 20210730 | R7: NA | W7: Model was entered from [TRIM_LEVEL]# 228 | X7: NULL | AA7: C3B6 | AB7: NULL
A8: =VLOOKUP(E8,COTI!F:F,1,FALSE) -> FW2 | D8: FAUR01 | E8: FW2 | F8: 2021 WS JEEP SL NEVER QUILTED | G8: 7 | H8: ADD SORTED/STYLE | I8: B | J8: 20210730 | K8: 46 | L8: N/A | M8: L | N8: USD | O8: SF | P8: U | Q8: 20210730 | R8: ECR161958 | W8: Model was entered from [TRIM_LEVEL]# 229 | X8: NULL | Y8: NULL | AA8: FW26 | AB8: NULL
A9: =VLOOKUP(E9,COTI!F:F,1,FALSE) -> FWS | D9: FAUR01 | E9: FWS | F9: 2021 WS AL JEEP BASE | G9: 5 | H9: ADD SORTED/STYLE | I9: B | J9: 20210730 | K9: 53 | L9: N/A | M9: L | N9: USD | O9: SF | P9: U | Q9: 20210730 | R9: N/A | W9: Model was entered from [TRIM_LEVEL]# 230 | X9: NULL | Y9: NULL | AA9: FWS4 | AB9: NULL
A10: =VLOOKUP(E10,COTI!F:F,1,FALSE) -> S3S | D10: FAUR01 | E10: S3S | F10: 2021 WS SL JEEP 3RD ROW | G10: 6 | H10: ADD SORTED/STYLE | I10: B | J10: 20210730 | K10: 100 | L10: N/A | M10: L | N10: USD | O10: SF | P10: U | Q10: 20210730 | R10: NA | W10: Model was entered from [TRIM_LEVEL]# 231 | X10: NULL | AA10: S3S5 | AB10: NULL
A11: =VLOOKUP(E11,COTI!F:F,1,FALSE) -> S3U | D11: FAUR01 | E11: S3U | F11: 2021 WS UL JEEP 3RD ROW | G11: 9 | H11: ADD SORTED/STYLE | I11: B | J11: 20210730 | K11: 100 | L11: N/A | M11: L | N11: USD | O11: SF | P11: U | Q11: 20210730 | R11: NA | W11: Model was entered from [TRIM_LEVEL]# 232 | X11: NULL | AA11: S3U8 | AB11: NULL
A12: =VLOOKUP(E12,COTI!F:F,1,FALSE) -> WS3 | D12: FAUR01 | E12: WS3 | F12: 2021 WS UL ALWAYS QUILTED | G12: 6 | H12: ADD SORTED / STYLE | I12: B | J12: 20210816 | K12: 46 | L12: N/A | M12: L | N12: USD | O12: SF | P12: U | Q12: 20210816 | R12: ECR161958 | W12: Model was entered from [TRIM_LEVEL]# 273 | X12: NULL | Y12: NULL | AA12: WS35 | AB12: NULL
A13: =VLOOKUP(E13,COTI!F:F,1,FALSE) -> MCY | D13: FIND02 | E13: MCY | F13: U364 MERCURY LTD FINDALY | G13: 1 | H13: New Model | I13: N | J13: 20070418 | K13: 50 | L13: N/A | M13: L | N13: USD | O13: SF | P13: U | Q13: 20070418 | R13: N/A | S13: U364 MERCURY LTD FINDLAY FOLIO 01071 | AA13: MCY | AB13: NULL
A14: =VLOOKUP(E14,COTI!F:F,1,FALSE) -> GAR | D14: GRAM01 | E14: GAR | F14: U388 LINCOLN ARMREST | G14: 14 | H14: EC DW#052913 | I14: B | J14: 20110914 | K14: 60 | L14: n/a | M14: L | N14: USD | O14: SF | P14: U | Q14: 20130718 | R14: n/a | S14: CAMBIO ING TEMPORAL | AA14: GAR0013 | AB14: NULL
A15: =VLOOKUP(E15,COTI!F:F,1,FALSE) -> GR1 | D15: GRAM04 | E15: GR1 | F15: 2021 WL 75 QUADS 2ND. ROW ARMR | G15: 2 | H15: QUOTE SYSTEM | I15: B | J15: 20210713 | K15: 39 | L15: N/A | M15: L | N15: USD | O15: SF | P15: U | Q15: 20210713 | R15: TBC | W15: Model was entered from [TRIM_LEVEL]# 235 | X15: NULL | Y15: NULL | AA15: GR11 | AB15: NULL
A16: =VLOOKUP(E16,COTI!F:F,1,FALSE) -> GR2 | D16: GRAM04 | E16: GR2 | F16: WS FOLDING 2ND-ROW ARM REST | G16: 2 | H16: SORTED /STYLE | I16: B | J16: 20210805 | K16: 44 | L16: N/A | M16: L | N16: USD | O16: SF | P16: U | Q16: 20210805 | R16: TBC | W16: Model was entered from [TRIM_LEVEL]# 252 | X16: NULL | Y16: NULL | AA16: GR21 | AB16: NULL
A17: =VLOOKUP(E17,COTI!F:F,1,FALSE) -> GRM | D17: GRAM04 | E17: GRM | F17: 2021 WL 74/75 2ND. ROW ARMREST | G17: 2 | H17: SORTED/ STYLE | I17: B | J17: 20210805 | K17: 40 | L17: N/A | M17: L | N17: USD | O17: SF | P17: U | Q17: 20210805 | R17: TBC | W17: Model was entered from [TRIM_LEVEL]# 253 | X17: NULL | Y17: NULL | AA17: GRM1 | AB17: NULL
A18: =VLOOKUP(E18,COTI!F:F,1,FALSE) -> GW2 | B18: VERSION CREADA EN ENGINEERING | C18: REEMPLAZADAS POR CAMBIO DE PIEL | D18: GRAM04 | E18: GW2 | F18: 2021 WL 75 QUADS 2ND. ROW AR | G18: 2 | H18: Pricing & Engineering Change | I18: B | J18: 20200915 | K18: 39 | L18: 1 | M18: L | N18: USD | O18: SF | P18: U | Q18: 20200915 | R18: 4202020 | S18: NULL | T18: NULL | U18: NULL | V18: NULL | W18: NULL | X18: Y | AA18: GW20001 | AB18: NULL
A19: =VLOOKUP(E19,COTI!F:F,1,FALSE) -> GWL | B19: VERSION CREADA EN ENGINEERING | C19: REEMPLAZADAS POR CAMBIO DE PIEL | D19: GRAM04 | E19: GWL | F19: 2021 WL 74/75 2ND. ROW ARMRE | G19: 2 | H19: Pricing & Engineering Change | I19: B | J19: 20200915 | K19: 40 | L19: 1 | M19: L | N19: USD | O19: SF | P19: U | Q19: 20200915 | R19: TBC | S19: NULL | T19: NULL | U19: NULL | V19: NULL | W19: NULL | AA19: GWL0001 | AB19: NULL
A20: =VLOOKUP(E20,COTI!F:F,1,FALSE) -> GWS | B20: *** | C20: REEMPLAZADAS POR CAMBIO DE PIEL | D20: GRAM04 | E20: GWS | F20: 2021 WS GRAN WAGONNER | G20: 2 | H20: NEW MODEL-PRICING ACORDING BPO | I20: B | J20: 20210223 | K20: 44 | L20: N/A | M20: L | N20: USD | O20: SF | P20: U | Q20: 20210223 | R20: N/A | W20: Model was entered from [TRIM_LEVEL]# 133 | AA20: GWS1 | AB20: NULL
A21: =VLOOKUP(E21,COTI!F:F,1,FALSE) -> 193 | D21: IRVI02 | E21: 193 | F21: GMT 193 2007 | G21: 12 | H21: Pricing Change | I21: B | J21: 20080103 | K21: 58 | L21: N/A | M21: L | N21: USD | O21: SF | P21: U | Q21: 20080103 | R21: N/A | S21: 0.065 Cents Increase FOLIO 1207-193 | AA21: 1930011 | AB21: NULL
A22: =VLOOKUP(E22,COTI!F:F,1,FALSE) -> 87C | D22: IRVI02 | E22: 87C | F22: U387 FORD CUTTING EDGE | G22: 7 | H22: Pricing & Engineering Change | I22: B | J22: 20080821 | K22: 62 | L22: n/a | M22: L | N22: USD | O22: SF | P22: U | Q22: 20080821 | R22: n/a | X22: Y | AA22: 87C0005 | AB22: NULL
A23: =VLOOKUP(E23,COTI!F:F,1,FALSE) -> 87P | D23: IRVI02 | E23: 87P | F23: U387 FORD PREMIUM | G23: 6 | H23: Change Howe part number | I23: B | J23: 20080121 | K23: 62 | L23: n/a | M23: L | N23: USD | O23: SF | P23: U | Q23: 20080121 | R23: n/a | S23: change howe part number | AA23: 87P0005 | AB23: NULL
A24: =VLOOKUP(E24,COTI!F:F,1,FALSE) -> 88L | D24: IRVI02 | E24: 88L | F24: U388 LINCOLN LIMITED | G24: 4 | H24: Pricing Change | I24: B | J24: 20080314 | K24: 62 | L24: N/A | M24: L | N24: USD | O24: SF | P24: U | Q24: 20080314 | R24: N/A | S24: Price change | AA24: 88L0003 | AB24: NULL
A25: =VLOOKUP(E25,COTI!F:F,1,FALSE) -> GM1 | D25: IRVI02 | E25: GM1 | F25: GMT 191 PONTIAC TORRENT | G25: 10 | H25: Pricing & Engineering Change | I25: B | J25: 20080103 | K25: 60 | L25: n/a | M25: L | N25: USD | O25: SF | P25: U | Q25: 20080103 | R25: n/a | S25: 0.065 Cents Increase | AA25: GM10009 | AB25: NULL
A26: =VLOOKUP(E26,COTI!F:F,1,FALSE) -> GM2 | D26: IRVI02 | E26: GM2 | F26: GMT 192 PONTIAC PERSUIT | G26: 7 | H26: Pricing Change | I26: B | J26: 20080103 | K26: 60 | L26: N/A | M26: L | N26: USD | O26: SF | P26: U | Q26: 20080103 | R26: N/A | S26: 0.065 Cents Increase FOLIO 1207-092 | AA26: GM20006 | AB26: NULL
A27: =VLOOKUP(E27,COTI!F:F,1,FALSE) -> GM3 | D27: IRVI02 | E27: GM3 | F27: ARMREST GMT 193 | G27: 2 | H27: Pricing & Engineering Change | I27: B | J27: 20060905 | K27: 60 | L27: N/A | M27: L | N27: USD | O27: SF | P27: U | Q27: 20060905 | R27: N/A | S27: MODIFY PROD CATEGORY | AA27: GM3 | AB27: NULL
A28: =VLOOKUP(E28,COTI!F:F,1,FALSE) -> GXP | D28: IRVI02 | E28: GXP | F28: GMT 192 GXP 2008 | G28: 4 | H28: Pricing Change | I28: B | J28: 20080103 | K28: 59 | L28: N/A | M28: L | N28: USD | O28: SF | P28: U | Q28: 20080103 | R28: N/A | S28: 0.065 Cents Increase FOLIO 1207-195 | AA28: GXP0003 | AB28: NULL
A29: =VLOOKUP(E29,COTI!F:F,1,FALSE) -> JJT | D29: IRVI02 | E29: JJT | F29: 2019 JEEP JT | G29: 17 | H29: Pricing & Engineering Change | I29: B | J29: 20210625 | K29: 57 | L29: AD | M29: L | N29: USD | O29: SF | P29: U | Q29: 20210625 | R29: 1012021 | S29: NULL | T29: NULL | U29: NULL | V29: NULL | W29: NULL | AA29: JJT0016 | AB29: NULL
A30: =VLOOKUP(E30,COTI!F:F,1,FALSE) -> JLI | D30: IRVI02 | E30: JLI | F30: 2018 JEEP JL | G30: 51 | H30: Pricing & Engineering Change | I30: B | J30: 20210622 | K30: 57 | L30: AD | M30: L | N30: USD | O30: SF | P30: U | Q30: 20210622 | R30: TBC | S30: NULL | T30: NULL | U30: NULL | V30: NULL | W30: NULL | X30: Y | AA30: JLI0050 | AB30: NULL
A31: =VLOOKUP(E31,COTI!F:F,1,FALSE) -> JPH | D31: IRVI02 | E31: JPH | F31: 2020 JEEP JL PHEV | G31: 8 | H31: Pricing & Engineering Change | I31: B | J31: 20210623 | K31: 57 | L31: AD | M31: L | N31: USD | O31: SF | P31: U | Q31: 20210623 | R31: 121719 | S31: NULL | T31: NULL | U31: NULL | V31: NULL | W31: NULL | AA31: JPH0007 | AB31: NULL
A32: =VLOOKUP(E32,COTI!F:F,1,FALSE) -> JPS | D32: IRVI02 | E32: JPS | F32: 2021 JEEP JL PHEV SUMMIT | G32: 5 | H32: Pricing & Engineering Change | I32: B | J32: 20210628 | K32: 49 | L32: AD | M32: L | N32: USD | O32: SF | P32: U | Q32: 20210628 | R32: 121819 | S32: NULL | T32: NULL | U32: NULL | V32: NULL | W32: NULL | AA32: JPS0004 | AB32: NULL
A33: =VLOOKUP(E33,COTI!F:F,1,FALSE) -> JSU | D33: IRVI02 | E33: JSU | F33: JEEPJL SUMMIT | G33: 9 | H33: Pricing & Engineering Change | I33: B | J33: 20210623 | K33: 49 | L33: AD | M33: L | N33: USD | O33: SF | P33: U | Q33: 20210623 | R33: DWO2020255 | S33: NULL | T33: NULL | U33: NULL | V33: NULL | W33: NULL | AA33: JSU0008 | AB33: NULL
A34: =VLOOKUP(E34,COTI!F:F,1,FALSE) -> JTM | D34: IRVI02 | E34: JTM | F34: 2019 JEEP JT MOJAVE | G34: 9 | H34: Pricing & Engineering Change | I34: B | J34: 20210623 | K34: 57 | L34: AD | M34: L | N34: USD | O34: SF | P34: U | Q34: 20210623 | R34: SR2020255 | S34: NULL | T34: NULL | U34: NULL | V34: NULL | W34: NULL | AA34: JTM0008 | AB34: NULL
A35: =VLOOKUP(E35,COTI!F:F,1,FALSE) -> JTS | D35: IRVI02 | E35: JTS | F35: 2021 JEEP JT SUMMIT | G35: 7 | H35: Pricing & Engineering Change | I35: B | J35: 20210629 | K35: 49 | L35: AD | M35: L | N35: USD | O35: SF | P35: U | Q35: 20210629 | R35: DW0315 | S35: NULL | T35: NULL | U35: NULL | V35: NULL | W35: NULL | AA35: JTS0006 | AB35: NULL
A36: =VLOOKUP(E36,COTI!F:F,1,FALSE) -> VFL | D36: IRVI02 | E36: VFL | F36: V229 FORD FREESTAR LTD | G36: 2 | H36: Pricing & Engineering Change | I36: B | J36: 20060717 | K36: 62 | L36: N/A | M36: L | N36: USD | O36: SF | P36: U | Q36: 20060717 | R36: N/A | S36: TO FIX MISTAKE IN V1 | X36: Y | AA36: VFL0001 | AB36: NULL
A37: =VLOOKUP(E37,COTI!F:F,1,FALSE) -> VML | D37: IRVI02 | E37: VML | F37: V229 FREESTAR MERCURY LTD | G37: 1 | H37: New Model | I37: N | J37: 20060629 | K37: 60 | L37: N/A | M37: L | N37: USD | O37: SF | P37: U | Q37: 20060629 | R37: N/A | S37: V229 FREESTAR MERCURY LTD FOLIO 01204 | AA37: VML | AB37: NULL
A38: =VLOOKUP(E38,COTI!F:F,1,FALSE) -> VMP | D38: IRVI02 | E38: VMP | F38: V229 FREESTAR MPA | G38: 1 | H38: New Model | I38: N | J38: 20060719 | K38: 55 | L38: N/A | M38: L | N38: USD | O38: SF | P38: U | Q38: 20060719 | R38: N/A | S38: V229 FREESTAR MPA FOLIO 01203 | X38: Y | AA38: VMP | AB38: NULL
A39: =VLOOKUP(E39,COTI!F:F,1,FALSE) -> VMX | D39: IRVI02 | E39: VMX | F39: V229 FREESTAR MXA | G39: 1 | H39: New Model | I39: N | J39: 20060719 | K39: 60 | L39: N/A | M39: L | N39: USD | O39: SF | P39: U | Q39: 20060719 | R39: N/A | S39: V229 FREESTAR MXA FOLIO 1202-A | Z39: Y | AA39: VMX | AB39: NULL
A40: =VLOOKUP(E40,COTI!F:F,1,FALSE) -> 191 | D40: IRVI03 | E40: 191 | F40: GMT 191 2008 | G40: 2 | H40: Change only product category | I40: B | J40: 20090114 | K40: 60 | L40: n/a | M40: L | N40: USD | O40: SF | P40: U | Q40: 20090114 | R40: n/a | S40: Change only product category | AA40: 191 | AB40: NULL
A41: =VLOOKUP(E41,COTI!F:F,1,FALSE) -> 192 | D41: IRVI03 | E41: 192 | F41: GMT 192 2008 | G41: 2 | H41: Change Only Product Category | I41: B | J41: 20090114 | K41: 60 | L41: n/a | M41: L | N41: USD | O41: SF | P41: U | Q41: 20090120 | R41: n/a | S41: Change Only Product Category | AA41: 192 | AB41: NULL
A42: =VLOOKUP(E42,COTI!F:F,1,FALSE) -> ARM | D42: IRVI03 | E42: ARM | F42: ARMREST GMT 193 | G42: 1 | H42: New Model | I42: N | J42: 20081118 | K42: 60 | L42: N/A | M42: L | N42: USD | O42: SF | P42: U | Q42: 20081118 | R42: N/A | S42: New Release | AA42: ARM | AB42: NULL
A43: =VLOOKUP(E43,COTI!F:F,1,FALSE) -> G93 | D43: IRVI03 | E43: G93 | F43: GMT 193 2008 | G43: 2 | H43: Change Only Product Category | I43: B | J43: 20090114 | K43: 58 | L43: n/a | M43: L | N43: USD | O43: SF | P43: U | Q43: 20090120 | R43: n/a | S43: Change Only Product Category | X43: Y | AA43: G93 | AB43: NULL
A44: =VLOOKUP(E44,COTI!F:F,1,FALSE) -> GX2 | D44: IRVI03 | E44: GX2 | F44: GMT 192 GXP 2008 | G44: 2 | H44: Change Only Product Category | I44: B | J44: 20090120 | K44: 59 | L44: N/A | M44: L | N44: USD | O44: SF | P44: U | Q44: 20090120 | R44: N/A | S44: Change Only Product Category | AA44: GX2 | AB44: NULL
A45: =VLOOKUP(E45,COTI!F:F,1,FALSE) -> PL0 | D45: JOHN01 | E45: PL0 | F45: U388 CONSOLE | G45: 7 | H45: Pricing & Engineering Change | I45: B | J45: 20120725 | K45: 55 | L45: na | M45: L | N45: USD | O45: SF | P45: U | Q45: 20120725 | R45: na | S45: 2013 FLOOR CONSOLE INTRO | AA45: PL00005 | AB45: NULL
A46: =VLOOKUP(E46,COTI!F:F,1,FALSE) -> 114 | D46: JOHN02 | E46: 114 | F46: EN114 CONSOLE JCI | G46: 1 | H46: New Model | I46: N | J46: 20100120 | K46: 60 | L46: N/A | M46: L | N46: USD | O46: SF | P46: U | Q46: 20100120 | R46: N/A | AA46: 114 | AB46: NULL
A47: =VLOOKUP(E47,COTI!F:F,1,FALSE) -> JCT | D47: JOHN02 | E47: JCT | F47: JCI-TESLA | G47: 4 | H47: Pricing & Engineering Change | I47: B | J47: 20141119 | K47: 50 | L47: AA | M47: L | N47: USD | O47: SF | P47: U | Q47: 20150112 | R47: 0 | S47: REAR BOLSTER RH/LH PATTERN DELETED | AA47: JCT0003 | AB47: NULL
A48: =VLOOKUP(E48,COTI!F:F,1,FALSE) -> 415 | D48: JOHN03 | E48: 415 | F48: P415 PLATINIUM | G48: 3 | H48: Pricing Change Only | I48: P | J48: 20120312 | K48: 57 | L48: N/A | M48: L | N48: USD | O48: SF | P48: U | Q48: 20120312 | R48: N/A | S48: Pricing change only | AA48: 4150002 | AB48: NULL
A49: =VLOOKUP(E49,COTI!F:F,1,FALSE) -> BUI | D49: JOHN03 | E49: BUI | F49: GM 360 BUICK | G49: 4 | H49: Color Change | I49: B | J49: 20070723 | K49: 64 | L49: n/a | M49: L | N49: USD | O49: SF | P49: U | Q49: 20070723 | R49: n/a | S49: color change from CNX to CNS | AA49: BUI0002 | AB49: NULL
A50: =VLOOKUP(E50,COTI!F:F,1,FALSE) -> CHE | D50: JOHN03 | E50: CHE | F50: GM 360 CHEVY / ISUZU / GMC | G50: 7 | H50: Engineering Change | I50: B | J50: 20070718 | K50: 64 | L50: n/a | M50: L | N50: USD | O50: SF | P50: U | Q50: 20070718 | R50: n/a | S50: COLOR CHANGE FROM CNX TO CNS ONLY 830K & 9781 | AA50: CHE0006 | AB50: NULL
A51: =VLOOKUP(E51,COTI!F:F,1,FALSE) -> DEN | D51: JOHN03 | E51: DEN | F51: GM 360 DENALY | G51: 4 | H51: Color Change | I51: B | J51: 20070724 | K51: 64 | L51: n/a | M51: L | N51: USD | O51: SF | P51: U | Q51: 20070724 | R51: n/a | S51: color change | AA51: DEN0003 | AB51: NULL
A52: =VLOOKUP(E52,COTI!F:F,1,FALSE) -> GSS | D52: JOHN03 | E52: GSS | F52: GM 360 TRAILBLAZER SS | G52: 5 | H52: Engineering Change | I52: B | J52: 20070727 | K52: 64 | L52: n/a | M52: L | N52: USD | O52: SF | P52: U | Q52: 20070727 | R52: n/a | S52: only revision | AA52: GSS0004 | AB52: NULL
A53: =VLOOKUP(E53,COTI!F:F,1,FALSE) -> NAV | D53: JOHN03 | E53: NAV | F53: U228 NAVIGATOR LUX EDIASA 3 | G53: 3 | H53: MATERIAL CHANGE | I53: B | J53: 20090310 | K53: 65 | L53: N/A | M53: L | N53: USD | O53: SF | P53: U | Q53: 20090310 | R53: N/A | S53: MATERIAL CHANGE A2 TO A1 | AA53: NAV | AB53: NULL
A54: =VLOOKUP(E54,COTI!F:F,1,FALSE) -> SAA | D54: JOHN03 | E54: SAA | F54: GM 360 SAAB | G54: 5 | H54: Engineering Change | I54: B | J54: 20070718 | K54: 64 | L54: N/A | M54: L | N54: USD | O54: SF | P54: U | Q54: 20070718 | R54: N/A | S54: COLOR CHANGE FROM CNXLCA TO CNSLCA | AA54: SAA0004 | AB54: NULL
A55: =VLOOKUP(E55,COTI!F:F,1,FALSE) -> SHI | D55: JOHN04 | E55: SHI | F55: GM360 CHEVY SHANGAI | G55: 1 | H55: New Model | I55: N | J55: 20070217 | K55: 64 | L55: N/A | M55: L | N55: USD | O55: SF | P55: U | Q55: 20070217 | R55: N/A | S55: NEW PROGRAMM FOR SHANGAI | AA55: SHI | AB55: NULL
A56: =VLOOKUP(E56,COTI!F:F,1,FALSE) -> KHE | D56: KONG01 | E56: KHE | F56: U388 HEADREST | G56: 7 | H56: Product categories change | I56: B | J56: 20110914 | K56: 57 | L56: n/a | M56: L | N56: USD | O56: SF | P56: U | Q56: 20110914 | R56: n/a | S56: Product categories change | AA56: KHE | AB56: NULL
A57: =VLOOKUP(E57,COTI!F:F,1,FALSE) -> 365 | D57: LEAV01 | E57: 365 | F57: GMX 365 2008 FIXED | G57: 2 | H57: Engineering Change | I57: B | J57: 20070323 | K57: 62 | L57: n/a | M57: L | N57: USD | O57: SF | P57: U | Q57: 20070323 | R57: n/a | S57: CHANGE PATTERNS G8R21009A & G8R21070A TO AA | X57: Y | AA57: 3650001 | AB57: NULL
A58: =VLOOKUP(E58,COTI!F:F,1,FALSE) -> CAL | D58: LEAV01 | E58: CAL | F58: 2013 S197 MUSTANG CALIFORNIA | G58: 3 | H58: Pricing AMENDMENT | I58: B | J58: 20130513 | K58: 61 | L58: AA | M58: L | N58: USD | O58: SF | P58: U | Q58: 20130513 | R58: 0313-201 | AA58: CAL0002 | AB58: NULL
A59: =VLOOKUP(E59,COTI!F:F,1,FALSE) -> G65 | D59: LEAV01 | E59: G65 | F59: GMX365 BUICK LACROSSE | G59: 1 | H59: New Model | I59: N | J59: 20060614 | K59: 66 | L59: ECN E010843 | M59: L | N59: USD | O59: SF | P59: U | Q59: 20060614 | R59: N/A | S59: LEAR GMX365 HQR154/05 FOLIO 1126-0505A 05/17/05 | X59: Y | AA59: G65 | AB59: NULL
A60: =VLOOKUP(E60,COTI!F:F,1,FALSE) -> IUP | D60: LEAV01 | E60: IUP | F60: 2013 S197 MUSTANG IUP | G60: 2 | H60: CHANGE ON LEATHER DESCRIPTION | I60: B | J60: 20121120 | K60: 62 | L60: X0217769 | M60: L | N60: USD | O60: SF | P60: U | Q60: 20121205 | R60: 1012-192 | S60: CHANGE ON LEATHER DESCRIPTION | AA60: IUP0001 | AB60: NULL
A61: =VLOOKUP(E61,COTI!F:F,1,FALSE) -> PRM | D61: LEAV01 | E61: PRM | F61: 2013 S197 MUSTANG PREMIUM | G61: 2 | H61: LEATHER CHANGE ON DESCRIPTION | I61: B | J61: 20121204 | K61: 56 | L61: X0217769 | M61: L | N61: USD | O61: SF | P61: U | Q61: 20121204 | R61: 1012-192 | S61: CHANGE ON LEATHER DESCRIPTION | T61: CSO-CSL | U61: CMP-CML | AA61: PRM0001 | AB61: NULL
A62: =VLOOKUP(E62,COTI!F:F,1,FALSE) -> SH1 | D62: LEAV01 | E62: SH1 | F62: 2013 S197 MUSTANG SHELBY 5B8 | G62: 3 | H62: Pricing & Amendment | I62: B | J62: 20130514 | K62: 59 | L62: AA | M62: L | N62: USD | O62: SF | P62: U | Q62: 20130514 | R62: 0313-202 | AA62: SH10002 | AB62: NULL
A63: =VLOOKUP(E63,COTI!F:F,1,FALSE) -> SH2 | D63: LEAV01 | E63: SH2 | F63: 2013 S197 MUSTANG SHELBY TT | G63: 2 | H63: CHANGE ON LEATHER DESCRIPTION | I63: B | J63: 20121205 | K63: 59 | L63: X0217769 | M63: L | N63: USD | O63: SF | P63: U | Q63: 20121205 | R63: 1012-195 | S63: CHANGE ON LEATHER DESCRIPTION | T63: CSO-CSL | AA63: SH20001 | AB63: NULL
A64: =VLOOKUP(E64,COTI!F:F,1,FALSE) -> THL | D64: LEAV01 | E64: THL | F64: 2013 D258 TAURUS LTD | G64: 20 | H64: Pricing & Engineering Change | I64: B | J64: 20180702 | K64: 58.5 | L64: 2019 | M64: L | N64: USD | O64: SF | P64: U | Q64: 20180703 | R64: EO49858 | S64: NULL | T64: NULL | U64: NULL | V64: NULL | W64: NULL | X64: Y | AA64: THL0019 | AB64: NULL
A65: =VLOOKUP(E65,COTI!F:F,1,FALSE) -> THO | D65: LEAV01 | E65: THO | F65: 2013 D258 TAURUS SHO & LIMITED | G65: 18 | H65: Pricing & Engineering Change | I65: B | J65: 20180702 | K65: 59 | L65: 2019 | M65: L | N65: USD | O65: SF | P65: U | Q65: 20180703 | R65: 0518-052 | S65: NULL | T65: NULL | U65: NULL | V65: NULL | W65: NULL | AA65: THO0017 | AB65: NULL
A66: =VLOOKUP(E66,COTI!F:F,1,FALSE) -> TSL | D66: LEAV01 | E66: TSL | F66: 2013 D258 TAURUS SEL | G66: 15 | H66: Pricing & Engineering Change | I66: B | J66: 20180320 | K66: 59 | L66: A | M66: L | N66: USD | O66: SF | P66: U | Q66: 20180320 | R66: 0114-011 | S66: NULL | T66: NULL | U66: NULL | V66: NULL | W66: NULL | X66: Y | AA66: TSL0014 | AB66: NULL
A67: =VLOOKUP(E67,COTI!F:F,1,FALSE) -> GMC | D67: MAGN01 | E67: GMC | F67: GMX 001 COUPE | G67: 6 | H67: Pricing & Engineering Change | I67: B | J67: 20080617 | K67: 61 | L67: N/A | M67: L | N67: USD | O67: SF | P67: U | Q67: 20080617 | R67: N/A | S67: ADD PARTS NUMBER 412259B - 412260B | AA67: GMC0005 | AB67: NULL
A68: =VLOOKUP(E68,COTI!F:F,1,FALSE) -> GX1 | D68: MAGN01 | E68: GX1 | F68: GMX 001 COUPE L4 | G68: 7 | H68: Pricing Change | I68: B | J68: 20070508 | K68: 58 | L68: N/A | M68: L | N68: USD | O68: SF | P68: U | Q68: 20070508 | R68: N/A | S68: Pricing Change | AA68: GX10006 | AB68: NULL
A69: =VLOOKUP(E69,COTI!F:F,1,FALSE) -> GXS | D69: MAGN01 | E69: GXS | F69: GMX001 SEDAN | G69: 8 | H69: Engineering Change | I69: B | J69: 20080623 | K69: 61 | L69: N/A | M69: L | N69: USD | O69: SF | P69: U | Q69: 20080623 | R69: N/A | S69: CHANGE ONLY REV | AA69: GXS0007 | AB69: NULL
A70: =VLOOKUP(E70,COTI!F:F,1,FALSE) -> HRM | D70: MAGN01 | E70: HRM | F70: U377 HEADREST 2010 | G70: 2 | H70: Only Engineering Change | I70: B | J70: 20090609 | K70: 56 | L70: n/a | M70: L | N70: USD | O70: SF | P70: U | Q70: 20090609 | R70: n/a | S70: Only Engineering Change | AA70: HRM0001 | AB70: NULL
A71: =VLOOKUP(E71,COTI!F:F,1,FALSE) -> MAZ | D71: MAGN01 | E71: MAZ | F71: U377 MAZDA PREMIUM 2009 | G71: 5 | H71: Engineering Change | I71: B | J71: 20090708 | K71: 63 | L71: N/A | M71: L | N71: USD | O71: SF | P71: U | Q71: 20090708 | R71: N/A | S71: Engineering Change | AA71: MAZ0004 | AB71: NULL
A72: =VLOOKUP(E72,COTI!F:F,1,FALSE) -> PL1 | D72: MAGN01 | E72: PL1 | F72: U377 FORD PREMIUM 11 PLM | G72: 5 | H72: CUTTING COST | I72: B | J72: 20110831 | K72: 62.5 | L72: N/A | M72: L | N72: USD | O72: SF | P72: U | Q72: 20110831 | R72: N/A | S72: CUTTING COST | AA72: PL10004 | AB72: NULL
A73: =VLOOKUP(E73,COTI!F:F,1,FALSE) -> PLA | D73: MAGN01 | E73: PLA | F73: VN-127 FORD ECONOLINE | G73: 2 | H73: Engineering change Rev M | I73: B | J73: 20110927 | K73: 62 | L73: n/a | M73: L | N73: USD | O73: SF | P73: U | Q73: 20111114 | R73: n/a | S73: Engineering change Rev M | AA73: PLA0001 | AB73: NULL
A74: =VLOOKUP(E74,COTI!F:F,1,FALSE) -> U37 | D74: MAGN01 | E74: U37 | F74: U377 MERCURY LTD 2008 | G74: 16 | H74: New Model 2010 | I74: B | J74: 20090626 | K74: 61 | L74: N/A | M74: L | N74: USD | O74: SF | P74: U | Q74: 20090626 | R74: N/A | S74: New Model 2010 | AA74: U370015 | AB74: NULL
A75: =VLOOKUP(E75,COTI!F:F,1,FALSE) -> U3L | D75: MAGN01 | E75: U3L | F75: U364 MERCURY LTD STD | G75: 10 | H75: Pricing & Engineering Change | I75: B | J75: 20061002 | K75: 60 | L75: N/A | M75: L | N75: USD | O75: SF | P75: U | Q75: 20061002 | R75: N/A | S75: PRICES NEW | AA75: U3L0009 | AB75: NULL
A76: =VLOOKUP(E76,COTI!F:F,1,FALSE) -> U3M | D76: MAGN01 | E76: U3M | F76: U377 MERCURY PREMIUM 2008 | G76: 11 | H76: New Model 2010 | I76: B | J76: 20090626 | K76: 61.5 | L76: N/A | M76: L | N76: USD | O76: SF | P76: U | Q76: 20090626 | R76: N/A | S76: New Model 2010 | AA76: U3M0010 | AB76: NULL
A77: =VLOOKUP(E77,COTI!F:F,1,FALSE) -> U3P | D77: MAGN01 | E77: U3P | F77: U364 MCY PREMIUM | G77: 2 | H77: Pricing & Engineering Change | I77: B | J77: 20060925 | K77: 60 | L77: N/A | M77: L | N77: USD | O77: SF | P77: U | Q77: 20060925 | R77: N/A | S77: CHANGE PRICES REAR BACK 60 FOLIO V0628-01 | AA77: U3P0001 | AB77: NULL
A78: =VLOOKUP(E78,COTI!F:F,1,FALSE) -> U55 | D78: MAGN01 | E78: U55 | F78: 2019 U553 EXPEDITION | G78: 3 | H78: Pricing & Engineering Change | I78: B | J78: 20181017 | K78: 96 | L78: B | M78: L | N78: USD | O78: SF | P78: U | Q78: 20181017 | R78: 97403 | S78: NULL | T78: NULL | U78: NULL | V78: NULL | W78: NULL | X78: Y | AA78: U550002 | AB78: NULL
A79: =VLOOKUP(E79,COTI!F:F,1,FALSE) -> U77 | D79: MAGN01 | E79: U77 | F79: U377 FORD MONO TONE | G79: 20 | H79: 2011 Engineering Change | I79: B | J79: 20101109 | K79: 62 | L79: N/A | M79: L | N79: USD | O79: SF | P79: U | Q79: 20101109 | R79: N/A | S79: 2011 ENGINEERING CHANGE | AA79: U770017 | AB79: NULL
A80: =VLOOKUP(E80,COTI!F:F,1,FALSE) -> W7A | D80: MAGN02 | E80: W7A | F80: 2021 WL 74 AL | G80: 7 | H80: PSB PSB | I80: B | J80: 20210812 | K80: 48 | L80: N/A | M80: L | N80: USD | O80: SF | P80: U | Q80: 20210812 | R80: 003498-00350 | W80: Model was entered from [TRIM_LEVEL]# 267 | X80: NULL | Y80: NULL | AA80: W7A6 | AB80: NULL
A81: =VLOOKUP(E81,COTI!F:F,1,FALSE) -> W7B | D81: MAGN02 | E81: W7B | F81: 2021 WL 74 BL | G81: 9 | H81: PSB PSB | I81: B | J81: 20210812 | K81: 43.7 | L81: N/A | M81: L | N81: USD | O81: SF | P81: U | Q81: 20210812 | R81: 003498-00350 | W81: Model was entered from [TRIM_LEVEL]# 266 | X81: NULL | Y81: NULL | AA81: W7B8 | AB81: NULL
A82: =VLOOKUP(E82,COTI!F:F,1,FALSE) -> W7C | D82: MAGN02 | E82: W7C | F82: 2021 WL 74 CL 8W | G82: 7 | H82: PSB_PSB | I82: B | J82: 20210722 | K82: 43.7 | L82: N/A | M82: L | N82: USD | O82: SF | P82: U | Q82: 20210722 | R82: 003498 00350 | W82: Model was entered from [TRIM_LEVEL]# 214 | Y82: NULL | AA82: W7C6 | AB82: NULL
A83: =VLOOKUP(E83,COTI!F:F,1,FALSE) -> W7D | D83: MAGN02 | E83: W7D | F83: 2021 WL 74 DL | G83: 8 | H83: ADD SORTED/STYLE | I83: B | J83: 20210708 | K83: 45.2 | L83: N/A | M83: L | N83: USD | O83: SF | P83: U | Q83: 20210708 | R83: 003498-03500 | W83: Model was entered from [TRIM_LEVEL]# 222 | Y83: NULL | AA83: W7D7 | AB83: NULL
A84: =VLOOKUP(E84,COTI!F:F,1,FALSE) -> W7E | D84: MAGN02 | E84: W7E | F84: 2021 WL 74 EC | G84: 8 | H84: PSB PSB | I84: B | J84: 20210811 | K84: 42.3 | L84: N/A | M84: L | N84: USD | O84: SF | P84: U | Q84: 20210811 | R84: 003498-003500 | W84: Model was entered from [TRIM_LEVEL]# 264 | X84: NULL | Y84: NULL | AA84: W7E7 | AB84: NULL
A85: =VLOOKUP(E85,COTI!F:F,1,FALSE) -> W7S | D85: MAGN02 | E85: W7S | F85: 2021 WL 74 SL | G85: 2 | H85: SORTED/STYLE | I85: B | J85: 20210730 | K85: 43.7 | L85: N/A | M85: L | N85: USD | O85: SF | P85: U | Q85: 20210730 | R85: 1410 | W85: Model was entered from [TRIM_LEVEL]# 246 | Y85: NULL | AA85: W7S1 | AB85: NULL
A86: =VLOOKUP(E86,COTI!F:F,1,FALSE) -> W7T | D86: MAGN02 | E86: W7T | F86: 2021 WL 74 TL | G86: 9 | H86: PSB PSB | I86: B | J86: 20210811 | K86: 43.7 | L86: N/A | M86: L | N86: USD | O86: SF | P86: U | Q86: 20210811 | R86: 003498-00350 | W86: Model was entered from [TRIM_LEVEL]# 265 | X86: NULL | Y86: NULL | AA86: W7T8 | AB86: NULL
A87: =VLOOKUP(E87,COTI!F:F,1,FALSE) -> WAL | D87: MAGN02 | E87: WAL | F87: 2021 WL 75 AL 8W LIMITED | G87: 13 | H87: FULL GRAIN INSERT UPP BOLSTER | I87: B | J87: 20210819 | K87: 48 | L87: N/A | M87: L | N87: USD | O87: SF | P87: U | Q87: 20210819 | R87: 0642,411 433 | W87: Model was entered from [TRIM_LEVEL]# 278 | Y87: NULL | AA87: WAL12 | AB87: NULL
A88: =VLOOKUP(E88,COTI!F:F,1,FALSE) -> WC1 | D88: MAGN02 | E88: WC1 | F88: 2021 WL 75 CL 12 WAY | G88: 9 | H88: ADD SORTED/STYLE | I88: B | J88: 20210730 | K88: 43.7 | L88: N/A | M88: L | N88: USD | O88: SF | P88: U | Q88: 20210730 | R88: 1752 | W88: Model was entered from [TRIM_LEVEL]# 224 | X88: NULL | Y88: NULL | AA88: WC18 | AB88: NULL
A89: =VLOOKUP(E89,COTI!F:F,1,FALSE) -> WCL | D89: MAGN02 | E89: WCL | F89: 2021 WL 75 CL 8 WAY | G89: 9 | H89: ADD SORTED/STYLE | I89: B | J89: 20210715 | K89: 43.7 | L89: N/A | M89: L | N89: USD | O89: SF | P89: U | Q89: 20210715 | R89: 1752 | W89: Model was entered from [TRIM_LEVEL]# 225 | Y89: NULL | AA89: WCL8 | AB89: NULL
A90: =VLOOKUP(E90,COTI!F:F,1,FALSE) -> WDL | D90: MAGN02 | E90: WDL | F90: 2021 WL 75 DL LIMITED | G90: 18 | H90: FULL GRAIN INSERT UPP BOLSTER | I90: B | J90: 20210819 | K90: 45.2 | L90: N/A | M90: L | N90: USD | O90: SF | P90: U | Q90: 20210819 | R90: 642 411 433 | W90: Model was entered from [TRIM_LEVEL]# 279 | X90: Y | Y90: NULL | AA90: WDL17 | AB90: NULL
A91: =VLOOKUP(E91,COTI!F:F,1,FALSE) -> #N/A | D91: MAGN02 | E91: WE6 | F91: 2021 WL 74 E6 | G91: 5 | H91: SORTED/ STYLE | I91: B | J91: 20210806 | K91: 38 | L91: N/A | M91: L | N91: USD | O91: SF | P91: U | Q91: 20210806 | R91: 644 | W91: Model was entered from [TRIM_LEVEL]# 259 | X91: NULL | Y91: NULL | AA91: WE64 | AB91: NULL
A92: =VLOOKUP(E92,COTI!F:F,1,FALSE) -> WEC | D92: MAGN02 | E92: WEC | F92: 2021 WL 75 EC SUMMIT | G92: 10 | H92: SORTED / STYLE | I92: B | J92: 20210730 | K92: 42.3 | L92: N/A | M92: L | N92: USD | O92: SF | P92: U | Q92: 20210730 | R92: 1752 | W92: Model was entered from [TRIM_LEVEL]# 244 | X92: NULL | Y92: NULL | AA92: WEC9 | AB92: NULL
A93: =VLOOKUP(E93,COTI!F:F,1,FALSE) -> WLB | D93: MAGN02 | E93: WLB | F93: 2021 WL 75 BL OVERLAND | G93: 9 | H93: SORTED/ STYLE | I93: B | J93: 20210730 | K93: 43.7 | L93: N/A | M93: L | N93: USD | O93: SF | P93: U | Q93: 20210730 | R93: 112196/28/31 | W93: Model was entered from [TRIM_LEVEL]# 245 | X93: NULL | Y93: NULL | AA93: WLB8 | AB93: NULL
A94: =VLOOKUP(E94,COTI!F:F,1,FALSE) -> WLK | D94: MAGN02 | E94: WLK | F94: 2021 WL KL 8W BASE SRT | G94: 11 | H94: ROMA FULL GRAIN INSERT UPP | I94: B | J94: 20210622 | K94: 38 | L94: N/A | M94: L | N94: USD | O94: SF | P94: U | Q94: 20210622 | R94: N/A | W94: Model was entered from [TRIM_LEVEL]# 193 | X94: NULL | Y94: NULL | AA94: WLK10 | AB94: NULL
A95: =VLOOKUP(E95,COTI!F:F,1,FALSE) -> WTL | D95: MAGN02 | E95: WTL | F95: 2021 WL 75 TL 12 WAY | G95: 13 | H95: CHANGES ON FSC | I95: B | J95: 20210713 | K95: 43.7 | L95: N/A | M95: L | N95: USD | O95: SF | P95: U | Q95: 20210713 | R95: RFQ 003085 | W95: Model was entered from [TRIM_LEVEL]# 236 | X95: NULL | Y95: NULL | AA95: WTL12 | AB95: NULL
A96: =VLOOKUP(E96,COTI!F:F,1,FALSE) -> PL4 | B96: OBSOLETO | D96: MAGN03 | E96: PL4 | F96: D471 SEL 2012 | G96: 7 | H96: Cutting cost | I96: B | J96: 20110827 | K96: 60 | L96: n/a | M96: L | N96: USD | O96: SF | P96: U | Q96: 20110827 | R96: n/a | S96: Cutting cost | X96: Y | AA96: PL40006 | AB96: NULL
A97: =VLOOKUP(E97,COTI!F:F,1,FALSE) -> PL5 | B97: OBSOLETO | D97: MAGN03 | E97: PL5 | F97: D471 LTD 2012 | G97: 9 | H97: Cutting cost | I97: B | J97: 20110827 | K97: 60 | L97: n/a | M97: L | N97: USD | O97: SF | P97: U | Q97: 20110827 | R97: n/a | S97: Cutting cost | AA97: PL50008 | AB97: NULL
A98: =VLOOKUP(E98,COTI!F:F,1,FALSE) -> PL7 | B98: OBSOLETO | D98: MAGN03 | E98: PL7 | F98: U387 FORD SEL 2013 | G98: 14 | H98: Envelope | I98: B | J98: 20130911 | K98: 63.5 | L98: aa | M98: L | N98: USD | O98: SF | P98: U | Q98: 20130911 | R98: 0913-113 | AA98: PL70013 | AB98: NULL
A99: =VLOOKUP(E99,COTI!F:F,1,FALSE) -> PL8 | B99: OBSOLETO | D99: MAGN03 | E99: PL8 | F99: U387 FORD SPORT 2012 | G99: 12 | H99: Envelope | I99: B | J99: 20130919 | K99: 62 | L99: AA | M99: L | N99: USD | O99: SF | P99: U | Q99: 20130919 | R99: 0913-111 | AA99: PL80011 | AB99: NULL
A100: =VLOOKUP(E100,COTI!F:F,1,FALSE) -> PL9 | B100: OBSOLETO | D100: MAGN03 | E100: PL9 | F100: U387 FORD SPORT 2011 | G100: 2 | H100: Pricing Change | I100: B | J100: 20110608 | K100: 62 | L100: n/a | M100: L | N100: USD | O100: SF | P100: U | Q100: 20110608 | R100: n/a | S100: Pricing Change | X100: Y | AA100: PL90001 | AB100: NULL
A101: =VLOOKUP(E101,COTI!F:F,1,FALSE) -> PLC | B101: OBSOLETO | D101: MAGN03 | E101: PLC | F101: D471 LTD PLATINIUM | G101: 2 | H101: Engineering Change | I101: B | J101: 20110927 | K101: 60 | L101: n/a | M101: L | N101: USD | O101: SF | P101: U | Q101: 20110927 | R101: n/a | S101: Engineering change rev M | AA101: PLC0001 | AB101: NULL
...

Sheet COTI
B3: CUS_NAME | C3: CUS_NO | D3: S_ARCUSFIL_PROGRAM | E3: D_ARCUSFIL_PROGRAM_MODEL | F3: S_ARCUSFIL_PROGRAM_MODEL | G3: PROD_CAT_DESC
B4: AUTOMOTIVE LEATHER GROUP | C4: ALGRP1 | D4: WL | E4: 2021 WL DL 75 VPD | F4: WD7
B5: CNI INC | C5: CNII01 | D5: U377 | E5: U377 FORD HEADREST | F5: 77H
B6: DAIMAY AUTOMOTIVE INTERIOR, S. DE R.L. D | C6: DAIM05 | D6: WK WD | E6: 2021 WK WD 2ND ROW ARMREST | F6: WDK | G6: 2021 WD WK ARMR
B7: Eissmann Automotive de Mexico | C7: EISS01 | D7: WL | E7: 2021 WL EISMANN | F7: WLE | G7: 2021 WL EISMANN
B8: FAURECIA AUTOMOTIVE SEATING INC. | C8: FAUR01 | D8: WS | E8: 2021 WS BL-GL EEP 3RD ROW | F8: C3A | G8: WS 3RD ROW AL
B9: FAURECIA AUTOMOTIVE SEATING INC. | C9: FAUR01 | D9: WS | E9: 2021 WS AL JEEP 3RD ROW | F9: C3B | G9: WS 3RD ROW BLGL
B10: FAURECIA AUTOMOTIVE SEATING INC. | C10: FAUR01 | D10: WS | E10: 2021 WS JEEP SL NEVER QUILTED | F10: FW2 | G10: WS SL NEV QUILT
B11: FAURECIA AUTOMOTIVE SEATING INC. | C11: FAUR01 | D11: WS | E11: 2021 WS AL JEEP BASE | F11: FWS | G11: 2021 WS AL JEEP
B12: FAURECIA AUTOMOTIVE SEATING INC. | C12: FAUR01 | D12: WS | E12: 2021 WS SL JEEP 3RD ROW | F12: S3S | G12: WS 3RD ROW SL
B13: FAURECIA AUTOMOTIVE SEATING INC. | C13: FAUR01 | D13: WS | E13: 2021 WS UL JEEP 3RD ROW | F13: S3U | G13: WS 3RD ROW UL
B14: FAURECIA AUTOMOTIVE SEATING INC. | C14: FAUR01 | D14: WS | E14: 2021 WS UL ALWAYS QUILTED | F14: WS3 | G14: WS UL ALWAYS QU
B15: FINDLAY INDUSTRIES (FLORIDA)*********** | C15: FIND02 | D15: U364 | E15: U364 MERCURY LTD FINDALY | F15: MCY
B16: GRAMMER AUTOMOTIVE PUEBLA | C16: GRAM01 | D16: U388 | E16: U388 LINCOLN ARMREST | F16: GAR
B17: GRAMMER INDUSTRIES, INC | C17: GRAM04 | D17: WL | E17: 2021 WL 75 QUADS 2ND. ROW ARMR | F17: GR1 | G17: WL 75 CAPTAIN A
B18: GRAMMER INDUSTRIES, INC | C18: GRAM04 | D18: WL | E18: 2021 WL 74/75 2ND. ROW ARMREST | F18: GRM | G18: 2021 WL FOLDING
B19: GRAMMER INDUSTRIES, INC | C19: GRAM04 | D19: WL | E19: 2021 WL 75 QUADS 2ND. ROW AR | F19: GW2 | G19: WL 75 CAPTAIN ARMREST
B20: GRAMMER INDUSTRIES, INC | C20: GRAM04 | D20: WL | E20: 2021 WL 74/75 2ND. ROW ARMRE | F20: GWL | G20: 2021 WL FOLDING ARMREST
B21: GRAMMER INDUSTRIES, INC | C21: GRAM04 | D21: WS | E21: WS FOLDING 2ND-ROW ARM REST | F21: GR2 | G21: WS FOLDING ARMR
B22: GRAMMER INDUSTRIES, INC | C22: GRAM04 | D22: WS | E22: 2021 WS GRAN WAGONNER | F22: GWS | G22: 2021 WS GRAN WA
B23: IRVIN AUTOMOTIVE | C23: IRVI03 | D23: GMT | E23: GMT 191 2008 | F23: 191
B24: IRVIN AUTOMOTIVE | C24: IRVI03 | D24: GMT | E24: GMT 192 2008 | F24: 192
B25: IRVIN AUTOMOTIVE | C25: IRVI03 | D25: GMT | E25: ARMREST GMT 193 | F25: ARM
B26: IRVIN AUTOMOTIVE | C26: IRVI03 | D26: GMT | E26: GMT 193 2008 | F26: G93
B27: IRVIN AUTOMOTIVE | C27: IRVI03 | D27: GMT | E27: GMT 192 GXP 2008 | F27: GX2
B28: IRVIN AUTOMOTIVE PRODUCTS -PONTIAC | C28: IRVI02 | D28: GMT | E28: GMT 193 2007 | F28: 193
B29: IRVIN AUTOMOTIVE PRODUCTS -PONTIAC | C29: IRVI02 | D29: GMT | E29: GMT 191 PONTIAC TORRENT | F29: GM1
B30: IRVIN AUTOMOTIVE PRODUCTS -PONTIAC | C30: IRVI02 | D30: GMT | E30: GMT 192 PONTIAC PERSUIT | F30: GM2
B31: IRVIN AUTOMOTIVE PRODUCTS -PONTIAC | C31: IRVI02 | D31: GMT | E31: ARMREST GMT 193 | F31: GM3
B32: IRVIN AUTOMOTIVE PRODUCTS -PONTIAC | C32: IRVI02 | D32: GMT | E32: GMT 192 GXP 2008 | F32: GXP
B33: IRVIN AUTOMOTIVE PRODUCTS -PONTIAC | C33: IRVI02 | D33: JL | E33: 2018 JEEP JL | F33: JLI
B34: IRVIN AUTOMOTIVE PRODUCTS -PONTIAC | C34: IRVI02 | D34: JL | E34: 2020 JEEP JL PHEV | F34: JPH
B35: IRVIN AUTOMOTIVE PRODUCTS -PONTIAC | C35: IRVI02 | D35: JL | E35: 2021 JEEP JL PHEV SUMMIT | F35: JPS | G35: JL PHEV SUMMIT
B36: IRVIN AUTOMOTIVE PRODUCTS -PONTIAC | C36: IRVI02 | D36: JL | E36: JEEPJL SUMMIT | F36: JSU | G36: JEEP JL SUMMIT
B37: IRVIN AUTOMOTIVE PRODUCTS -PONTIAC | C37: IRVI02 | D37: JT | E37: 2019 JEEP JT | F37: JJT | G37: 2019 JEEP JT
B38: IRVIN AUTOMOTIVE PRODUCTS -PONTIAC | C38: IRVI02 | D38: JT | E38: 2019 JEEP JT MOJAVE | F38: JTM | G38: JT MOJAVE
B39: IRVIN AUTOMOTIVE PRODUCTS -PONTIAC | C39: IRVI02 | D39: JT | E39: 2021 JEEP JT SUMMIT | F39: JTS | G39: JEEP JT SUMMIT
B40: IRVIN AUTOMOTIVE PRODUCTS -PONTIAC | C40: IRVI02 | D40: U387 | E40: U387 FORD CUTTING EDGE | F40: 87C
B41: IRVIN AUTOMOTIVE PRODUCTS -PONTIAC | C41: IRVI02 | D41: U387 | E41: U387 FORD PREMIUM | F41: 87P
B42: IRVIN AUTOMOTIVE PRODUCTS -PONTIAC | C42: IRVI02 | D42: U388 | E42: U388 LINCOLN ARMREST | F42: 88A
B43: IRVIN AUTOMOTIVE PRODUCTS -PONTIAC | C43: IRVI02 | D43: U388 | E43: U388 HEADREST | F43: 88H
B44: IRVIN AUTOMOTIVE PRODUCTS -PONTIAC | C44: IRVI02 | D44: U388 | E44: U388 LINCOLN LIMITED | F44: 88L
B45: IRVIN AUTOMOTIVE PRODUCTS -PONTIAC | C45: IRVI02 | D45: V229 | E45: V229 FORD FREESTAR LTD | F45: VFL
B46: IRVIN AUTOMOTIVE PRODUCTS -PONTIAC | C46: IRVI02 | D46: V229 | E46: V229 FREESTAR MERCURY LTD | F46: VML
B47: IRVIN AUTOMOTIVE PRODUCTS -PONTIAC | C47: IRVI02 | D47: V229 | E47: V229 FREESTAR MPA | F47: VMP
B48: IRVIN AUTOMOTIVE PRODUCTS -PONTIAC | C48: IRVI02 | D48: V229 | E48: V229 FREESTAR MXA | F48: VMX
B49: IRVIN AUTOMOTIVE PRODUCTS -PONTIAC | C49: IRVI02 | D49: WL | E49: WLS JEEP 2020 | F49: WLS | G49: WL / WS
B50: JCIM MEXICO PROPERTIES,S.de R.L. | C50: JOHN01 | D50: U388 | E50: U388 CONSOLE | F50: PL0
B51: Johnson Control Interiors LLC | C51: JOHN02 | D51: GM360 | E51: GM360 CHEVY / ISUZU /GMC CHINA | F51: CHI
B52: Johnson Control Interiors LLC | C52: JOHN02 | D52: JCI | E52: EN114 CONSOLE JCI | F52: 114
B53: Johnson Control Interiors LLC | C53: JOHN02 | D53: JCI | E53: JCI-TESLA | F53: JCT
B54: JOHNSON CONTROL SHANGAI | C54: JOHN04 | D54: GM360 | E54: GM 360 CHEVY/ISUZU/GMC SHANGAI | F54: SHA
B55: JOHNSON CONTROL SHANGAI | C55: JOHN04 | D55: GM360 | E55: GM360 CHEVY SHANGAI | F55: SHI
B56: JOHNSON CONTROLS-EDIASA 3 | C56: JOHN03 | D56: GM360 | E56: GM 360 BUICK | F56: BUI
B57: JOHNSON CONTROLS-EDIASA 3 | C57: JOHN03 | D57: GM360 | E57: GM 360 CHEVY / ISUZU / GMC | F57: CHE
B58: JOHNSON CONTROLS-EDIASA 3 | C58: JOHN03 | D58: GM360 | E58: GM 360 DENALY | F58: DEN
B59: JOHNSON CONTROLS-EDIASA 3 | C59: JOHN03 | D59: GM360 | E59: GM 360 TRAILBLAZER SS | F59: GSS
B60: JOHNSON CONTROLS-EDIASA 3 | C60: JOHN03 | D60: GM360 | E60: GM 360 SAAB | F60: SAA
B61: JOHNSON CONTROLS-EDIASA 3 | C61: JOHN03 | D61: P415 | E61: P415 PLATINIUM | F61: 415
B62: JOHNSON CONTROLS-EDIASA 3 | C62: JOHN03 | D62: U228 | E62: U228 NAVIGATOR LUX/ULT | F62: 228
B63: JOHNSON CONTROLS-EDIASA 3 | C63: JOHN03 | D63: U228 | E63: U228 NAVIGATOR LUX EDIASA 3 | F63: NAV
B64: KONGSBERG AUTOMOTIVE | C64: KONG01 | D64: U388 | E64: U388 HEADREST | F64: KHE
B65: LEAR MEXICAN SEATING CORP | C65: LEAV01 | D65: D258 | E65: 2013 D258 TAURUS LTD | F65: THL
B66: LEAR MEXICAN SEATING CORP | C66: LEAV01 | D66: D258 | E66: 2013 D258 TAURUS SHO & LIMITED | F66: THO
B67: LEAR MEXICAN SEATING CORP | C67: LEAV01 | D67: D258 | E67: 2013 D258 TAURUS SEL | F67: TSL
B68: LEAR MEXICAN SEATING CORP | C68: LEAV01 | D68: GMX365 | E68: GMX 365 2008 FIXED | F68: 365
B69: LEAR MEXICAN SEATING CORP | C69: LEAV01 | D69: GMX365 | E69: GMX365 BUICK LACROSSE | F69: G65
B70: LEAR MEXICAN SEATING CORP | C70: LEAV01 | D70: S197 | E70: 2013 S197 MUSTANG CALIFORNIA | F70: CAL
B71: LEAR MEXICAN SEATING CORP | C71: LEAV01 | D71: S197 | E71: 2013 S197 MUSTANG IUP | F71: IUP
B72: LEAR MEXICAN SEATING CORP | C72: LEAV01 | D72: S197 | E72: 2013 S197 MUSTANG PREMIUM | F72: PRM
B73: LEAR MEXICAN SEATING CORP | C73: LEAV01 | D73: S197 | E73: 2013 S197 MUSTANG SHELBY 5B8 | F73: SH1
B74: LEAR MEXICAN SEATING CORP | C74: LEAV01 | D74: S197 | E74: 2013 S197 MUSTANG SHELBY TT | F74: SH2
B75: MAGNA SEATING OF AMERICA INC (ACUÑA) | C75: MAGN02 | D75: WL | E75: 2021 WL 74 AL | F75: W7A | G75: 2021 WL 74 AL
B76: MAGNA SEATING OF AMERICA INC (ACUÑA) | C76: MAGN02 | D76: WL | E76: 2021 WL 74 BL | F76: W7B | G76: 2021 WL 74 BL
B77: MAGNA SEATING OF AMERICA INC (ACUÑA) | C77: MAGN02 | D77: WL | E77: 2021 WL 74 CL 8W | F77: W7C | G77: 2021 WL 74 CL
B78: MAGNA SEATING OF AMERICA INC (ACUÑA) | C78: MAGN02 | D78: WL | E78: 2021 WL 74 DL | F78: W7D | G78: 2021 WL 74 DL
B79: MAGNA SEATING OF AMERICA INC (ACUÑA) | C79: MAGN02 | D79: WL | E79: 2021 WL 74 EC | F79: W7E | G79: WL 74 EC
B80: MAGNA SEATING OF AMERICA INC (ACUÑA) | C80: MAGN02 | D80: WL | E80: 2021 WL 74 SL | F80: W7S | G80: WL 74 SL
B81: MAGNA SEATING OF AMERICA INC (ACUÑA) | C81: MAGN02 | D81: WL | E81: 2021 WL 74 TL | F81: W7T | G81: 2021 WL 74 TL
B82: MAGNA SEATING OF AMERICA INC (ACUÑA) | C82: MAGN02 | D82: WL | E82: 2021 WL 75 AL 8W LIMITED | F82: WAL | G82: 2021 WL AL
B83: MAGNA SEATING OF AMERICA INC (ACUÑA) | C83: MAGN02 | D83: WL | E83: 2021 WL 75 CL 12 WAY | F83: WC1 | G83: 2021 WL75 CL12W
B84: MAGNA SEATING OF AMERICA INC (ACUÑA) | C84: MAGN02 | D84: WL | E84: 2021 WL 75 CL 8 WAY | F84: WCL | G84: 2021 WL75 CL 8W
B85: MAGNA SEATING OF AMERICA INC (ACUÑA) | C85: MAGN02 | D85: WL | E85: 2021 WL 75 DL LIMITED | F85: WDL | G85: 2021 WL75 DL
B86: MAGNA SEATING OF AMERICA INC (ACUÑA) | C86: MAGN02 | D86: WL | E86: 2021 WL 75 EC SUMMIT | F86: WEC | G86: 2021 WL75 EC
... B89: MAGNA SEATING OF AMERICA INC (ACUÑA) | C89: MAGN02 | D89: WL | E89: 2021 WL 75 TL 12 WAY | F89: WTL | G89: WL 75 TL
B90: MAY & SCOFIELD | C90: MAYS01 | D90: U388 | E90: U388 HEADREST | F90: MYS
B91: SEATING SYS.OF ACUNA DIV INTIER AUTO | C91: MAGN03 | D91: WK | E91: WK JY | F91: WJY | G91: WK JY
B92: SEATING SYS.OF ACUNA DIV INTIER AUTO | C92: MAGN03 | D92: D471 | E92: D471 SEL 2012 | F92: PL4
B93: SEATING SYS.OF ACUNA DIV INTIER AUTO | C93: MAGN03 | D93: D471 | E93: D471 LTD 2012 | F93: PL5
B94: SEATING SYS.OF ACUNA DIV INTIER AUTO | C94: MAGN03 | D94: D471 | E94: D471 LTD PLATINIUM | F94: PLC
B95: SEATING SYS.OF ACUNA DIV INTIER AUTO | C95: MAGN03 | D95: D471 | E95: D471 SEL 2013 | F95: PLD
B96: SEATING SYS.OF ACUNA DIV INTIER AUTO | C96: MAGN03 | D96: D471 | E96: D471 LTD 2013 | F96: PLE | G96: OBSOLETE
B97: SEATING SYS.OF ACUNA DIV INTIER AUTO | C97: MAGN03 | D97: D471 | E97: D471 2016 SALERNO | F97: PLS
B98: SEATING SYS.OF ACUNA DIV INTIER AUTO | C98: MAGN03 | D98: GMT | E98: GMT 315 SUV | F98: 3SU
B99: SEATING SYS.OF ACUNA DIV INTIER AUTO | C99: MAGN03 | D99: RU | E99: 2021 RU DL PINNACLE | F99: RDL | G99: RU PINNACLE DL
B100: SEATING SYS.OF ACUNA DIV INTIER AUTO | C100: MAGN03 | D100: RU | E100: 2016 RU OPCION AL | F100: RUA | G100: RU AL
B101: SEATING SYS.OF ACUNA DIV INTIER AUTO | C101: MAGN03 | D101: RU | E101: 2016 RU OPCION EL | F101: RUE | G101: 2016 R UEL
B102: SEATING SYS.OF ACUNA DIV INTIER AUTO | C102: MAGN03 | D102: RU | E102: 2016 RU OPCION ML | F102: RUM
B103: SEATING SYS.OF ACUNA DIV INTIER AUTO | C103: MAGN03 | D103: U387 | E103: U387 FORD PREMIUM | F103: 387
B104: SEATING SYS.OF ACUNA DIV INTIER AUTO | C104: MAGN03 | D104: U387 | E104: U387 FORD CUTTING EDGE | F104: FCE
...

Sheet Hoja5
B3: ESPACIO_01 | C3: CLIENTE_01 | D3: CUS_NO | E3: S_PROGRAM | F3: MODELNO | G3: VERSIONNO | H3: K_QUOTE_TRIM_LEVEL | I3: K_QUOTE_TRIM_COLOR | J3: S_COLOR | K3: D_COLOR_1 | L3: D_COLOR_2 | M3: YIELD | N3: YIELD_ADITIONAL | O3: QUOTE_DATE | P3: PCN | Q3: VPY | R3: VPW | S3: VPD | T3: D_LEATHER | U3: CRUST_COST | V3: CUTTING_COST | W3: SHRINK_COST | X3: DENIM_RESISTANCE_COST | Y3: FINISHING_COST | Z3: TOTAL_COST_DRIVERS | AA3: TOTAL_PATTERN | AB3: TOTAL_NET_AREA | AC3: TOTAL_GRO_AREA | AD3: TOTAL_CAR_SET_PRICE | AE3: TOTAL_CAR_SET_PRICE_PLM | AF3: D_LAMINATION | AG3: D_PERFORATION | AH3: SPECIAL_PROCESS | AI3: CANTIDAD_PATTERNS_LAMINADOS | AJ3: AREA_NET_LAMINADOS | AK3: CANTIDAD_PATTERNS_PERFORADOS | AL3: AREA_NET_PERFORADOS | AM3: MENSAJE
B4: 10 | C4: 1 | D4: DAIM05 | E4: WK WD | F4: WDK | G4: 6 | H4: 203 | I4: 478 | J4: FDNPDX9 | K4: NAPPA DX9 (BLACK) | L4: BLACK | M4: 36 | N4: 0 | O4: 44366 | P4: TBC | Q4: 2200 | R4: 45 | S4: 9 | T4: NAPPA | U4: 2.05 | V4: 0.4 | W4: 0 | X4: 0 | Y4: 0 | Z4: 2.45 | AA4: 12 | AB4: 4.61 | AC4: 12.82 | AD4: 31.4 | AE4: 5.13 | AI4: 0 | AJ4: 0 | AK4: 0 | AL4: 0
B5: 0 | C5: 1 | H5: 203 | I5: 479 | J5: FDNPJRR | K5: NAPPA JRR (RADAR RED) | L5: RADAR RED | O5: NULL | U5: 2.05 | V5: 0.4 | W5: 0 | X5: 0 | Y5: 0 | Z5: 2.45 | AA5: 4 | AB5: 1.54 | AC5: 4.27 | AD5: 10.47 | AE5: 1.71 | AI5: 0 | AJ5: 0 | AK5: 0 | AL5: 0
B6: 0 | C6: 1 | H6: 203 | I6: 477 | J6: FDNPWU9 | K6: NAPPA WU9 (EBONY RED) | L6: EBONY RED | O6: NULL | U6: 2.05 | V6: 0.4 | W6: 0 | X6: 0 | Y6: 0 | Z6: 2.45 | AA6: 4 | AB6: 1.54 | AC6: 4.27 | AD6: 10.47 | AE6: 1.71 | AI6: 0 | AJ6: 0 | AK6: 0 | AL6: 0
B7: 10 | C7: 2 | D7: EISS01 | E7: WL | F7: WLE | G7: 6 | H7: 258 | I7: 609 | J7: FYPATX7 | K7: PALERMO CHROME FREE TX7 (GLOBAL BLACK) | L7: GLOBAL BLACK | M7: 30 | N7: 25 | O7: 44413 | P7: TBC | Q7: 4500 | R7: 95 | S7: 19 | T7: PALERMO | U7: 3.704 | V7: 0.4 | W7: 0 | X7: 0 | Y7: 0 | Z7: 4.104 | AA7: 6 | AB7: 2.51 | AC7: 8.36 | AD7: 34.32 | AE7: 3.35 | AI7: 0 | AJ7: 0 | AK7: 0 | AL7: 0
B8: 0 | C8: 2 | H8: 258 | I8: 610 | J8: FYPAWT5 | K8: PALERMO CHROME FREE WT5 (TUPELO) | L8: TUPELO | O8: NULL | U8: 3.704 | V8: 0.4 | W8: 0 | X8: 0 | Y8: 0 | Z8: 4.104 | AA8: 6 | AB8: 2.51 | AC8: 8.36 | AD8: 34.32 | AE8: 3.35 | AI8: 0 | AJ8: 0 | AK8: 0 | AL8: 0
B9: 10 | C9: 3 | D9: FAUR01 | E9: WS | F9: C3A | G9: 7 | H9: 227 | I9: 532 | J9: FVCCAD4 | K9: VINYL CAPRICE-SD4 (CTN3120HD -DDT BLACK FABRIC CAPRICE SD4) | L9: CTN3120HD -DDT BLACK FABRIC CAPRICE SD4 | M9: 100 | N9: 0 | O9: 44385 | P9: NA | Q9: 87792 | R9: 1865 | S9: 373 | T9: VINYL CAPRICE | U9: 1.35 | V9: 0 | W9: 0 | X9: 0 | Y9: 0 | Z9: 1.35 | AA9: 8 | AB9: 4.86 | AC9: 4.86 | AD9: 17.59 | AE9: 10.45 | AF9: FXI A200060EL 6MM FOAM // LAMINATION | AG9: REGISTERED PERFORATION | AH9: RECUT | AI9: 8 | AJ9: 4.86 | AK9: 8 | AL9: 4.86
B10: 0 | C10: 3 | H10: 227 | I10: 531 | J10: FVCCAX7 | K10: VINYL CAPRICE-TX7 (CTN3117HD BLACK FABRIC CAPRICE TX7) | L10: CTN3117HD BLACK FABRIC CAPRICE TX7 | O10: NULL | U10: 1.35 | V10: 0 | W10: 0 | X10: 0 | Y10: 0 | Z10: 1.35 | AA10: 8 | AB10: 4.86 | AC10: 4.86 | AD10: 17 | AE10: 10.45 | AI10: 8 | AJ10: 4.86 | AK10: 8 | AL10: 4.86
B11: 10 | C11: 3 | D11: FAUR01 | E11: WS | F11: C3B | G11: 7 | H11: 228 | I11: 534 | J11: FVCCPD4 | K11: VINYL CAPRI-SD4 (CTN3120HD-DDT BLACK FABRIC CAPRI SD4) | L11: CTN3120HD-DDT BLACK FABRIC CAPRI SD4 | M11: 100 | N11: 0 | O11: 44385 | P11: NA | Q11: 24096 | R11: 510 | S11: 102 | T11: VINYL CAPRI | U11: 1.35 | V11: 0 | W11: 0 | X11: 0 | Y11: 0 | Z11: 1.35 | AA11: 8 | AB11: 4.86 | AC11: 4.86 | AD11: 17.59 | AE11: 10.45 | AF11: FXI A200060EL 6MM FOAM // LAMINATION | AG11: REGISTERED PERFORATION | AH11: RECUT | AI11: 8 | AJ11: 4.86 | AK11: 8 | AL11: 4.86
B12: 0 | C12: 3 | H12: 228 | I12: 533 | J12: FVCCPX7 | K12: VINYL CAPRI-TX7 (CTN3117HD BLACK FABRIC CAPRI - TX7) | L12: CTN3117HD BLACK FABRIC CAPRI - TX7 | O12: NULL | U12: 1.35 | V12: 0 | W12: 0 | X12: 0 | Y12: 0 | Z12: 1.35 | AA12: 8 | AB12: 4.86 | AC12: 4.86 | AD12: 17 | AE12: 10.45 | AI12: 8 | AJ12: 4.86 | AK12: 8 | AL12: 4.86
B13: 10 | C13: 3 | D13: FAUR01 | E13: WS | F13: FW2 | G13: 7 | H13: 229 | I13: 535 | J13: FWSPAA6 | K13: PALERMO WA6 (AGAVE) | L13: AGAVE | M13: 46 | N13: 0 | O13: 44385 | P13: ECR161958 | Q13: 7500 | R13: 155 | S13: 31 | T13: PALERMO | U13: 2.8883 | V13: 0.35 | W13: 0 | X13: 0 | Y13: 0 | Z13: 3.2383 | AA13: 52 | AB13: 29.58 | AC13: 64.3 | AD13: 240.69 | AE13: 54.98 | AF13: KUFNER R179G46 // KUFNER TX9080 | AG13: AXIS II // REGISTERED | AH13: RECUT // QUILTING COST PER PIECE | AI13: 22 | AJ13: 14.95 | AK13: 30 | AL13: 18.3
B14: 0 | C14: 3 | H14: 229 | I14: 536 | J14: FWSPAD4 | K14: PALERMO SD4 (SEA SALT) | L14: SEA SALT | O14: NULL | U14: 2.8883 | V14: 0.35 | W14: 0 | X14: 0 | Y14: 0 | Z14: 3.2383 | AA14: 54 | AB14: 30.62 | AC14: 66.56 | AD14: 248.01 | AE14: 55.77 | AI14: 22 | AJ14: 14.95 | AK14: 30 | AL14: 18.3
B15: 0 | C15: 3 | H15: 229 | I15: 537 | J15: FWSPAX7 | K15: PALERMO TX7 (GLOBAL BLACK) | L15: GLOBAL BLACK | O15: NULL | U15: 2.8883 | V15: 0.35 | W15: 0 | X15: 0 | Y15: 0 | Z15: 3.2383 | AA15: 52 | AB15: 29.58 | AC15: 64.3 | AD15: 240.69 | AE15: 54.98 | AI15: 22 | AJ15: 14.95 | AK15: 30 | AL15: 18.3
B16: 10 | C16: 3 | D16: FAUR01 | E16: WS | F16: FWS | G16: 5 | H16: 230 | I16: 539 | J16: FWSCPD4 | K16: CAPRI SD4 (SEA SALT) | L16: SEA SALT | M16: 53 | N16: 0 | O16: 44385 | P16: N/A | Q16: 37500 | R16: 795 | S16: 159 | T16: CAPRI | U16: 1.9143 | V16: 0.35 | W16: 0 | X16: 0 | Y16: 0 | Z16: 2.2643 | AA16: 48 | AB16: 26.74 | AC16: 50.45 | AD16: 139 | AE16: 42.42 | AF16: KUFNER TX9080 | AG16: AXIS II // REGISTERED PERFORATION | AI16: 20 | AJ16: 12.34 | AK16: 24 | AL16: 15.43
B17: 0 | C17: 3 | H17: 230 | I17: 538 | J17: FWSCPX7 | K17: CAPRI TX7 (GLOBAL BLACK) | L17: GLOBAL BLACK | O17: NULL | U17: 1.9143 | V17: 0.35 | W17: 0 | X17: 0 | Y17: 0 | Z17: 2.2643 | AA17: 48 | AB17: 26.74 | AC17: 50.45 | AD17: 139 | AE17: 42.42 | AI17: 20 | AJ17: 12.34 | AK17: 24 | AL17: 15.43
B18: 10 | C18: 3 | D18: FAUR01 | E18: WS | F18: S3S | G18: 6 | H18: 231 | I18: 541 | J18: FVSBWA6 | K18: SICILY GRAIN-WA6 (HEAVY WEIGHT PU WITH SICILY GRAIN - WA6) | L18: HEAVY WEIGHT PU WITH SICILY GRAIN - WA6 | M18: 100 | N18: 0 | O18: 44385 | P18: NA | Q18: 6528 | R18: 135 | S18: 27 | T18: VINYL SICILY GRAN | U18: 3.1 | V18: 0 | W18: 0 | X18: 0 | Y18: 0 | Z18: 3.1 | AA18: 8 | AB18: 4.5 | AC18: 4.5 | AD18: 21.79 | AE18: 7.83 | AF18: FXI A200060EL 6MM FOAM // LAMINATION | AG18: REGISTERED PERFORATION | AI18: 8 | AJ18: 4.5 | AK18: 8 | AL18: 4.5
B19: 0 | C19: 3 | H19: 231 | I19: 540 | J19: FVSVTX7 | K19: SICILY GRAIN-TX7 (HEAVY WEIGHT PU WITH SICILY GRAIN-TX7) | L19: HEAVY WEIGHT PU WITH SICILY GRAIN-TX7 | O19: NULL | U19: 3.1 | V19: 0 | W19: 0 | X19: 0 | Y19: 0 | Z19: 3.1 | AA19: 8 | AB19: 4.5 | AC19: 4.5 | AD19: 21.79 | AE19: 7.83 | AI19: 8 | AJ19: 4.5 | AK19: 8 | AL19: 4.5
B20: 0 | C20: 3 | H20: 231 | I20: 542 | J20: FVSXSD4 | K20: SICILY GRAIN-SD4 (HEAVY WEIGTH PU WITH SICILY GRAIN - SD4) | L20: HEAVY WEIGTH PU WITH SICILY GRAIN - SD4 | O20: NULL | U20: 3.1 | V20: 0 | W20: 0 | X20: 0 | Y20: 0 | Z20: 3.1 | AA20: 8 | AB20: 4.5 | AC20: 4.5 | AD20: 22.53 | AE20: 7.83 | AI20: 8 | AJ20: 4.5 | AK20: 8 | AL20: 4.5
B21: 10 | C21: 3 | D21: FAUR01 | E21: WS | F21: S3U | G21: 9 | H21: 232 | I21: 544 | J21: FVSVTX7 | K21: SICILY GRAIN-TX7 (HEAVY WEIGHT PU WITH SICILY GRAIN-TX7) | L21: HEAVY WEIGHT PU WITH SICILY GRAIN-TX7 | M21: 100 | N21: 0 | O21: 44385 | P21: NA | Q21: 6528 | R21: 135 | S21: 27 | T21: VINYL SICILY GRAN | U21: 3.1 | V21: 0 | W21: 0 | X21: 0 | Y21: 0 | Z21: 3.1 | AA21: 8 | AB21: 5.43 | AC21: 5.43 | AD21: 52.51 | AE21: 35.69 | AF21: FXI A200060EL FOAM // LAMINATION | AG21: REGISTERED PERFORATION | AH21: RECUT // QUILTING | AI21: 8 | AJ21: 5.43 | AK21: 8 | AL21: 5.43
B22: 0 | C22: 3 | H22: 232 | I22: 545 | J22: FVSBWA6 | K22: SICILY GRAIN-WA6 (HEAVY WEIGHT PU WITH SICILY GRAIN - WA6) | L22: HEAVY WEIGHT PU WITH SICILY GRAIN - WA6 | O22: NULL | U22: 3.1 | V22: 0 | W22: 0 | X22: 0 | Y22: 0 | Z22: 3.1 | AA22: 8 | AB22: 5.43 | AC22: 5.43 | AD22: 52.51 | AE22: 35.69 | AI22: 8 | AJ22: 5.43 | AK22: 8 | AL22: 5.43
B23: 0 | C23: 3 | H23: 232 | I23: 543 | J23: FVSBWT5 | K23: SICILY GRAIN-WT5 (HEAVY WEIGHT PU WITH SICILY GRAIN - WT5) | L23: HEAVY WEIGHT PU WITH SICILY GRAIN - WT5 | O23: NULL | U23: 3.1 | V23: 0 | W23: 0 | X23: 0 | Y23: 0 | Z23: 3.1 | AA23: 8 | AB23: 5.43 | AC23: 5.43 | AD23: 53.41 | AE23: 35.69 | AI23: 8 | AJ23: 5.43 | AK23: 8 | AL23: 5.43
B24: 10 | C24: 3 | D24: FAUR01 | E24: WS | F24: WS3 | G24: 6 | H24: 273 | I24: 642 | J24: FWSPAA6 | K24: PALERMO WA6 (AGAVE) | L24: AGAVE | M24: 46 | N24: 0 | O24: 44424 | P24: ECR161958 | Q24: 7500 | R24: 155 | S24: 31 | T24: PALERMO | U24: 2.8883 | V24: 0.35 | W24: 0 | X24: 0 | Y24: 0 | Z24: 3.2383 | AA24: 54 | AB24: 33.61 | AC24: 73.07 | AD24: 388.77 | AE24: 177.73 | AF24: KUFNER R179G46 // KUFNER TX9080 | AG24: REGISTERED PERF // AXIS II PERFORATION | AH24: SKIVING 1.0 ± 0.1 MM // RECUT // QUILTING // FXI: CLIMATEFLOW 250 – 6MM | AI24: 34 | AJ24: 23.41 | AK24: 30 | AL24: 21.29
B25: 0 | C25: 3 | H25: 273 | I25: 641 | J25: FWSPAX7 | K25: PALERMO TX7 (GLOBAL BLACK) | L25: GLOBAL BLACK | O25: NULL | U25: 2.8883 | V25: 0.35 | W25: 0 | X25: 0 | Y25: 0 | Z25: 3.2383 | AA25: 54 | AB25: 33.61 | AC25: 73.07 | AD25: 388.77 | AE25: 177.73 | AI25: 34 | AJ25: 23.41 | AK25: 30 | AL25: 21.29
B26: 0 | C26: 3 | H26: 273 | I26: 640 | J26: FWSPAT5 | K26: PALERMO WT5 (TUPELO) | L26: TUPELO | O26: NULL | U26: 2.8883 | V26: 0.35 | W26: 0 | X26: 0 | Y26: 0 | Z26: 3.2383 | AA26: 54 | AB26: 33.61 | AC26: 73.07 | AD26: 388.77 | AE26: 177.73 | AI26: 34 | AJ26: 23.41 | AK26: 30 | AL26: 21.29
B27: 10 | C27: 4 | D27: GRAM04 | E27: WL | F27: GR1 | G27: 2 | H27: 235 | I27: 551 | J27: FWSPAT5 | K27: PALERMO WT5 (TUPELO) | L27: TUPELO | M27: 39 | N27: 0 | O27: 44390 | P27: TBC | Q27: 2933 | R27: 60 | S27: 12 | T27: PALERMO | U27: 2.888 | V27: 0.4 | W27: 0 | X27: 0 | Y27: 0 | Z27: 3.288 | AA27: 6 | AB27: 1.9 | AC27: 4.88 | AD27: 16.04 | AE27: 1.95 | AI27: 0 | AJ27: 0 | AK27: 0 | AL27: 0
B28: 0 | C28: 4 | H28: 235 | I28: 552 | J28: FWSPAX7 | K28: PALERMO TX7 (GLOBAL BLACK) | L28: GLOBAL BLACK | O28: NULL | U28: 2.888 | V28: 0.4 | W28: 0 | X28: 0 | Y28: 0 | Z28: 3.288 | AA28: 6 | AB28: 1.9 | AC28: 4.88 | AD28: 16.04 | AE28: 1.95 | AI28: 0 | AJ28: 0 | AK28: 0 | AL28: 0
B29: 10 | C29: 4 | D29: GRAM04 | E29: WS | F29: GR2 | G29: 2 | H29: 252 | I29: 592 | J29: FWSPAT5 | K29: PALERMO WT5 (TUPELO) | L29: TUPELO | M29: 44 | N29: 0 | O29: 44413 | P29: TBC | Q29: 42228 | R29: 895 | S29: 179 | T29: PALERMO | U29: 2.888 | V29: 0.603 | W29: 0 | X29: 0 | Y29: 0 | Z29: 3.491 | AA29: 3 | AB29: 2.59 | AC29: 5.88 | AD29: 20.52 | AE29: 3.54 | AI29: 0 | AJ29: 0 | AK29: 0 | AL29: 0
B30: 0 | C30: 4 | H30: 252 | I30: 593 | J30: FWSPAX7 | K30: PALERMO TX7 (GLOBAL BLACK) | L30: GLOBAL BLACK | O30: NULL | U30: 2.888 | V30: 0.603 | W30: 0 | X30: 0 | Y30: 0 | Z30: 3.491 | AA30: 3 | AB30: 2.59 | AC30: 5.88 | AD30: 20.52 | AE30: 3.54 | AI30: 0 | AJ30: 0 | AK30: 0 | AL30: 0
B31: 0 | C31: 4 | H31: 252 | I31: 595 | J31: FWSPAA6 | K31: PALERMO WA6 (AGAVE) | L31: AGAVE | O31: NULL | U31: 2.888 | V31: 0.603 | W31: 0 | X31: 0 | Y31: 0 | Z31: 3.491 | AA31: 3 | AB31: 2.59 | AC31: 5.88 | AD31: 20.52 | AE31: 3.54 | AI31: 0 | AJ31: 0 | AK31: 0 | AL31: 0
B32: 0 | C32: 4 | H32: 252 | I32: 594 | J32: FWSPAD4 | K32: PALERMO SD4 (SEA SALT) | L32: SEA SALT | O32: NULL | U32: 2.888 | V32: 0.603 | W32: 0 | X32: 0 | Y32: 0 | Z32: 3.491 | AA32: 3 | AB32: 2.59 | AC32: 5.88 | AD32: 20.52 | AE32: 3.54 | AI32: 0 | AJ32: 0 | AK32: 0 | AL32: 0
B33: 10 | C33: 4 | D33: GRAM04 | E33: WL | F33: GRM | G33: 2 | H33: 253 | I33: 596 | J33: FWSPAX7 | K33: PALERMO TX7 (GLOBAL BLACK) | L33: GLOBAL BLACK | M33: 40 | N33: 0 | O33: 44413 | P33: TBC | Q33: 10205 | R33: 215 | S33: 43 | T33: PALERMO | U33: 2.888 | V33: 0.4 | W33: 0 | X33: 0 | Y33: 0 | Z33: 3.288 | AA33: 2 | AB33: 2.26 | AC33: 5.64 | AD33: 18.56 | AE33: 2.26 | AI33: 0 | AJ33: 0 | AK33: 0 | AL33: 0
B34: 0 | C34: 4 | H34: 253 | I34: 597 | J34: FWSPAT5 | K34: PALERMO WT5 (TUPELO) | L34: TUPELO | O34: NULL | U34: 2.888 | V34: 0.4 | W34: 0 | X34: 0 | Y34: 0 | Z34: 3.288 | AA34: 2 | AB34: 2.26 | AC34: 5.64 | AD34: 18.56 | AE34: 2.26 | AI34: 0 | AJ34: 0 | AK34: 0 | AL34: 0
B35: 10 | C35: 4 | D35: GRAM04 | E35: WS | F35: GWS | G35: 2 | H35: 133 | I35: 309 | J35: FGMPAA6 | K35: PALERMO WA6 (AGAVE BLUE) | L35: AGAVE BLUE | M35: 44 | N35: 0 | O35: 44250 | P35: ECR_265 | Q35: 42228 | R35: 895 | S35: 179 | T35: PALERMO | U35: 2.888 | V35: 0.603 | W35: 0 | X35: 0 | Y35: 0 | Z35: 3.491 | AA35: 3 | AB35: 2.59 | AC35: 5.88 | AD35: 20.52 | AE35: 3.54 | AI35: 0 | AJ35: 0 | AK35: 0 | AL35: 0
B36: 0 | C36: 4 | H36: 133 | I36: 310 | J36: FGMPAD4 | K36: PALERMO SD4 (SEA SALT) | L36: SEA SALT | O36: NULL | U36: 2.888 | V36: 0.603 | W36: 0 | X36: 0 | Y36: 0 | Z36: 3.491 | AA36: 3 | AB36: 2.59 | AC36: 5.88 | AD36: 20.52 | AE36: 3.54 | AI36: 0 | AJ36: 0 | AK36: 0 | AL36: 0
B37: 0 | C37: 4 | H37: 133 | I37: 311 | J37: FGMPAT5 | K37: PALERMO WT5 (TUPELO) | L37: TUPELO | O37: NULL | U37: 2.888 | V37: 0.603 | W37: 0 | X37: 0 | Y37: 0 | Z37: 3.491 | AA37: 3 | AB37: 2.59 | AC37: 5.88 | AD37: 20.52 | AE37: 3.54 | AI37: 0 | AJ37: 0 | AK37: 0 | AL37: 0
B38: 0 | C38: 4 | H38: 133 | I38: 312 | J38: FGMPAX7 | K38: PALERMO TX7 (GLOBAL BLACK) | L38: GLOBAL BLACK | O38: NULL | U38: 2.888 | V38: 0.603 | W38: 0 | X38: 0 | Y38: 0 | Z38: 3.491 | AA38: 3 | AB38: 2.59 | AC38: 5.88 | AD38: 20.52 | AE38: 3.54 | AI38: 0 | AJ38: 0 | AK38: 0 | AL38: 0
B39: 10 | C39: 5 | D39: MAGN02 | E39: WL | F39: W7A | G39: 7 | H39: 267 | I39: 628 | J39: FWLCPT3 | K39: CAPRI WT3 (WICKER BEIGE) | L39: WICKER BEIGE | M39: 48 | N39: 0 | O39: 44420 | P39: 003498-00350 | Q39: 66500 | R39: 1410 | S39: 282 | T39: CAPRI | U39: 1.6943 | V39: 0.35 | W39: 0 | X39: 0 | Y39: 0 | Z39: 2.0443 | AA39: 18 | AB39: 11.75 | AC39: 24.47 | AD39: 69.09 | AE39: 27.63 | AF39: MULLER 6MM 6035 // KUFNER TK 1080 | AG39: AXIS II | AI39: 18 | AJ39: 11.75 | AK39: 18 | AL39: 11.75
B40: 0 | C40: 5 | H40: 267 | I40: 629 | J40: FWLCPX7 | K40: CAPRI TX7 (GLOBAL BLACK) | L40: GLOBAL BLACK | O40: NULL | U40: 1.6943 | V40: 0.35 | W40: 0 | X40: 0 | Y40: 0 | Z40: 2.0443 | AA40: 18 | AB40: 11.75 | AC40: 24.47 | AD40: 69.09 | AE40: 27.63 | AI40: 18 | AJ40: 11.75 | AK40: 18 | AL40: 11.75
B41: 10 | C41: 5 | D41: MAGN02 | E41: WL | F41: W7B | G41: 9 | H41: 266 | I41: 627 | J41: FWLNPA5 | K41: NAPPA SA5 (SEAL GREY) | L41: SEAL GREY | M41: 43.7 | N41: 0 | O41: 44419 | P41: 003498-00350 | Q41: 28500 | R41: 605 | S41: 121 | T41: NAPPA | U41: 2.13 | V41: 0.35 | W41: 0 | X41: 0 | Y41: 0 | Z41: 2.48 | AA41: 26 | AB41: 16.06 | AC41: 36.75 | AD41: 118.14 | AE41: 39.86 | AF41: MULLER 6MM 6035 // KUFNER TK 1080 | AG41: AXIS II | AI41: 26 | AJ41: 16.06 | AK41: 26 | AL41: 16.06
B42: 0 | C42: 5 | H42: 266 | I42: 626 | J42: FWLNPX7 | K42: NAPPA TX7 (GLOBAL BLACK) | L42: GLOBAL BLACK | O42: NULL | U42: 2.13 | V42: 0.35 | W42: 0 | X42: 0 | Y42: 0 | Z42: 2.48 | AA42: 26 | AB42: 16.06 | AC42: 36.75 | AD42: 118.14 | AE42: 39.86 | AI42: 26 | AJ42: 16.06 | AK42: 26 | AL42: 16.06
B43: 10 | C43: 5 | D43: MAGN02 | E43: WL | F43: W7C | G43: 7 | H43: 214 | I43: 504 | J43: FWLNPT5 | K43: NAPPA WT5 (TUPELO) | L43: TUPELO | M43: 43.7 | N43: 0 | O43: 44376 | P43: 003498 00350 | Q43: 4750 | R43: 100 | S43: 20 | T43: NAPPA | U43: 2.13 | V43: 0.35 | W43: 0 | X43: 0 | Y43: 0 | Z43: 2.48 | AA43: 90 | AB43: 48.6 | AC43: 111.21 | AD43: 465.62 | AE43: 228.75 | AF43: MULLER 6M 6035 // KUFNER TK 1080 // FOAM 6MM A173040 | AG43: AXIS II // REGISTERED PERF | AH43: QUILTING | AI43: 90 | AJ43: 48.6 | AK43: 50 | AL43: 31.35
B44: 0 | C44: 5 | H44: 214 | I44: 505 | J44: FWLNPX7 | K44: NAPPA TX7 (GLOBAL BLACK) | L44: GLOBAL BLACK | O44: NULL | U44: 2.13 | V44: 0.35 | W44: 0 | X44: 0 | Y44: 0 | Z44: 2.48 | AA44: 90 | AB44: 48.6 | AC44: 111.21 | AD44: 465.62 | AE44: 228.75 | AI44: 90 | AJ44: 48.6 | AK44: 50 | AL44: 31.35
B45: 0 | C45: 5 | H45: 214 | I45: 503 | J45: FWLNPA5 | K45: NAPPA SA5 (SEAL GREY) | L45: SEAL GREY | O45: NULL | U45: 2.13 | V45: 0.35 | W45: 0 | X45: 0 | Y45: 0 | Z45: 2.48 | AA45: 90 | AB45: 48.6 | AC45: 111.21 | AD45: 465.62 | AE45: 228.75 | AI45: 90 | AJ45: 48.6 | AK45: 50 | AL45: 31.35
B46: 10 | C46: 5 | D46: MAGN02 | E46: WL | F46: W7D | G46: 8 | H46: 222 | I46: 520 | J46: FWLCPT3 | K46: CAPRI WT3 (WICKER BEIGE) | L46: WICKER BEIGE | M46: 45.2 | N46: 0 | O46: 44385 | P46: 003498-03500 | Q46: 114000 | R46: 2425 | S46: 485 | T46: CAPRI | U46: 1.6943 | V46: 0.35 | W46: 0 | X46: 0 | Y46: 0 | Z46: 2.0443 | AA46: 20 | AB46: 13.1 | AC46: 28.97 | AD46: 72.85 | AE46: 23.76 | AF46: MULLER 6MM 6035 // KUFNER R179G46 | AG46: AXIS II | AI46: 20 | AJ46: 13.1 | AK46: 0 | AL46: 0
B47: 0 | C47: 5 | H47: 222 | I47: 519 | J47: FWLCPX7 | K47: CAPRI TX7 (GLOBAL BLACK) | L47: GLOBAL BLACK | O47: NULL | U47: 1.6943 | V47: 0.35 | W47: 0 | X47: 0 | Y47: 0 | Z47: 2.0443 | AA47: 20 | AB47: 13.1 | AC47: 28.97 | AD47: 72.85 | AE47: 23.76 | AI47: 20 | AJ47: 13.1 | AK47: 0 | AL47: 0
B48: 10 | C48: 5 | D48: MAGN02 | E48: WL | F48: W7E | G48: 8 | H48: 264 | I48: 622 | J48: FWLPAX7 | K48: PALERMO TX7 (GLOBAL BLACK) | L48: GLOBAL BLACK | M48: 42.3 | N48: 0 | O48: 44419 | P48: 003498-003500 | Q48: 23750 | R48: 505 | S48: 101 | T48: PALERMO | U48: 2.888 | V48: 0.35 | W48: 0 | X48: 0 | Y48: 0 | Z48: 3.238 | AA48: 108 | AB48: 58.26 | AC48: 137.73 | AD48: 674.45 | AE48: 276.7 | AF48: MULLER 6MM 6035 // KUFNER TK 1080 BLACK // MULLER T6126 10MM // FOAM 6MM A173040EL TB16 SCRIM | AG48: AXIS II // REGISTERED PERFORATION | AH48: QUILTING | AI48: 108 | AJ48: 58.26 | AK48: 60 | AL48: 37.63
B49: 0 | C49: 5 | H49: 264 | I49: 623 | J49: FWLPAT5 | K49: PALERMO WT5 (TUPELO) | L49: TUPELO | O49: NULL | U49: 2.888 | V49: 0.35 | W49: 0 | X49: 0 | Y49: 0 | Z49: 3.238 | AA49: 108 | AB49: 58.26 | AC49: 137.73 | AD49: 674.45 | AE49: 276.7 | AI49: 108 | AJ49: 58.26 | AK49: 60 | AL49: 37.63
B50: 10 | C50: 5 | D50: MAGN02 | E50: WL | F50: W7S | G50: 2 | H50: 246 | I50: 579 | J50: FWLNPX7 | K50: NAPPA TX7 (GLOBAL BLACK) | L50: GLOBAL BLACK | M50: 43.7 | N50: 0 | O50: 44407 | P50: 1410 | Q50: 35625 | R50: 755 | S50: 151 | T50: NAPPA | U50: 2.13 | V50: 0.35 | W50: 0 | X50: 0 | Y50: 0 | Z50: 2.48 | AA50: 6 | AB50: 3.55 | AC50: 8.12 | AD50: 25.51 | AE50: 8.21 | AF50: MULLER 6MM 6035 // KUFNER TK 1080 BLACK // MULLER T6126 10MM | AG50: AXIS II | AI50: 6 | AJ50: 3.55 | AK50: 6 | AL50: 3.55
B51: 10 | C51: 5 | D51: MAGN02 | E51: WL | F51: W7T | G51: 9 | H51: 265 | I51: 625 | J51: FWLNPX7 | K51: NAPPA TX7 (GLOBAL BLACK) | L51: GLOBAL BLACK | M51: 43.7 | N51: 0 | O51: 44419 | P51: 003498-00350 | Q51: 40375 | R51: 855 | S51: 171 | T51: NAPPA | U51: 2.13 | V51: 0.35 | W51: 0 | X51: 0 | Y51: 0 | Z51: 2.48 | AA51: 26 | AB51: 16.07 | AC51: 36.78 | AD51: 118.23 | AE51: 39.89 | AF51: MULLER 6MM 6035 // MULLER T6126 10MM // KUFNER TK 1080 BLACK | AG51: AXIS II | AI51: 26 | AJ51: 16.07 | AK51: 26 | AL51: 16.07
B52: 0 | C52: 5 | H52: 265 | I52: 624 | J52: FWLNPA5 | K52: NAPPA SA5 (SEAL GREY) | L52: SEAL GREY | O52: NULL | U52: 2.13 | V52: 0.35 | W52: 0 | X52: 0 | Y52: 0 | Z52: 2.48 | AA52: 26 | AB52: 16.07 | AC52: 36.78 | AD52: 118.23 | AE52: 39.89 | AI52: 26 | AJ52: 16.07 | AK52: 26 | AL52: 16.07
B53: 10 | C53: 5 | D53: MAGN02 | E53: WL | F53: WAL | G53: 13 | H53: 278 | I53: 656 | J53: FWLCPX7 | K53: CAPRI TX7 (GLOBAL BLACK) | L53: GLOBAL BLACK | M53: 48 | N53: 0 | O53: 44427 | P53: 0642,411 433 | Q53: 61750 | R53: 1310 | S53: 262 | T53: CAPRI | U53: 1.694 | V53: 0.35 | W53: 0 | X53: 0 | Y53: 0 | Z53: 2.044 | AA53: 36 | AB53: 22.74 | AC53: 47.38 | AD53: 133.49 | AE53: 53.23 | AF53: MULLER 6MM 6035 // KUFNER TK 1080 BLACK | AG53: AXIS II | AI53: 36 | AJ53: 22.74 | AK53: 22 | AL53: 15.19
B54: 0 | C54: 5 | H54: 278 | I54: 655 | J54: FWLCPT3 | K54: CAPRI WT3 (WICKER BEIGE) | L54: WICKER BEIGE | O54: NULL | U54: 1.694 | V54: 0.35 | W54: 0 | X54: 0 | Y54: 0 | Z54: 2.044 | AA54: 36 | AB54: 22.74 | AC54: 47.38 | AD54: 133.49 | AE54: 53.23 | AI54: 36 | AJ54: 22.74 | AK54: 22 | AL54: 15.19
B55: 0 | C55: 5 | H55: 278 | I55: 658 | J55: FWLROT3 | K55: CAPRI ROMA FULL GRAIN WT3 (CAPRI WICKER BEIGE) | L55: CAPRI WICKER BEIGE | O55: NULL | U55: 1.694 | V55: 0.35 | W55: 0 | X55: 0 | Y55: 0 | Z55: 2.044 | AA55: 3 | AB55: 2.16 | AC55: 4.5 | AD55: 12.73 | AE55: 5.1 | AI55: 3 | AJ55: 2.16 | AK55: 0 | AL55: 0
B56: 0 | C56: 5 | H56: 278 | I56: 657 | J56: FWLROX7 | K56: CAPRI ROMA FULL GRAIN TX7 (GLOBAL BLACK) | L56: GLOBAL BLACK | O56: NULL | U56: 1.694 | V56: 0.35 | W56: 0 | X56: 0 | Y56: 0 | Z56: 2.044 | AA56: 3 | AB56: 2.16 | AC56: 4.5 | AD56: 12.73 | AE56: 5.1 | AI56: 3 | AJ56: 2.16 | AK56: 0 | AL56: 0
B57: 10 | C57: 5 | D57: MAGN02 | E57: WL | F57: WC1 | G57: 9 | H57: 224 | I57: 524 | J57: FWLNPX7 | K57: NAPPA TX7 (GLOBAL BLACK) | L57: GLOBAL BLACK | M57: 43.7 | N57: 0 | O57: 44385 | P57: 1752 | Q57: 24581 | R57: 520 | S57: 104 | T57: NAPPA | U57: 2.13 | V57: 0.35 | W57: 0 | X57: 0 | Y57: 0 | Z57: 2.48 | AA57: 64 | AB57: 38.03 | AC57: 87.03 | AD57: 328.97 | AE57: 143.6 | AF57: MULLER 6MM 6035 // KUFNER TK 1080 // MULLER T6126 10MM // FOAM 6MM A173040 | AG57: AXIS II // REGISTERED | AH57: RECUT // QUILTING | AI57: 64 | AJ57: 38.03 | AK57: 24 | AL57: 17.67
B58: 0 | C58: 5 | H58: 224 | I58: 523 | J58: FWLNPT5 | K58: NAPPA WT5 (TUPELO) | L58: TUPELO | O58: NULL | U58: 2.13 | V58: 0.35 | W58: 0 | X58: 0 | Y58: 0 | Z58: 2.48 | AA58: 64 | AB58: 38.03 | AC58: 87.03 | AD58: 328.97 | AE58: 143.6 | AI58: 64 | AJ58: 38.03 | AK58: 24 | AL58: 17.67
B59: 0 | C59: 5 | H59: 224 | I59: 525 | J59: FWLNPA5 | K59: NAPPA SA5 (SEAL GREY) | L59: SEAL GREY | O59: NULL | U59: 2.13 | V59: 0.35 | W59: 0 | X59: 0 | Y59: 0 | Z59: 2.48 | AA59: 64 | AB59: 38.03 | AC59: 87.03 | AD59: 328.97 | AE59: 143.6 | AI59: 64 | AJ59: 38.03 | AK59: 24 | AL59: 17.67
B60: 10 | C60: 5 | D60: MAGN02 | E60: WL | F60: WCL | G60: 9 | H60: 225 | I60: 526 | J60: FWLNPA5 | K60: NAPPA SA5 (SEAL GREY) | L60: SEAL GREY | M60: 43.7 | N60: 0 | O60: 44385 | P60: 1752 | Q60: 2731 | R60: 55 | S60: 11 | T60: NAPPA | U60: 2.13 | V60: 0.35 | W60: 0 | X60: 0 | Y60: 0 | Z60: 2.48 | AA60: 114 | AB60: 57.08 | AC60: 130.61 | AD60: 566.07 | AE60: 287.87 | AF60: MULLER 6MM 6035 // KUFNER TK 1080 BLACK // FOAM 6MM A173040 | AG60: REGISTERED - PERF // AXIS II | AH60: RECUT // QUILTING | AI60: 114 | AJ60: 57.08 | AK60: 48 | AL60: 29.19
B61: 0 | C61: 5 | H61: 225 | I61: 528 | J61: FWLNPX7 | K61: NAPPA TX7 (GLOBAL BLACK) | L61: GLOBAL BLACK | O61: NULL | U61: 2.13 | V61: 0.35 | W61: 0 | X61: 0 | Y61: 0 | Z61: 2.48 | AA61: 114 | AB61: 57.08 | AC61: 130.61 | AD61: 566.07 | AE61: 287.87 | AI61: 114 | AJ61: 57.08 | AK61: 48 | AL61: 29.19
B62: 0 | C62: 5 | H62: 225 | I62: 527 | J62: FWLNPT5 | K62: NAPPA WT5 (TUPELO) | L62: TUPELO | O62: NULL | U62: 2.13 | V62: 0.35 | W62: 0 | X62: 0 | Y62: 0 | Z62: 2.48 | AA62: 114 | AB62: 57.08 | AC62: 130.61 | AD62: 566.07 | AE62: 287.87 | AI62: 114 | AJ62: 57.08 | AK62: 48 | AL62: 29.19
B63: 10 | C63: 5 | D63: MAGN02 | E63: WL | F63: WDL | G63: 18 | H63: 279 | I63: 662 | J63: FWLROT3 | K63: CAPRI ROMA FULL GRAIN WT3 (CAPRI WICKER BEIGE) | L63: CAPRI WICKER BEIGE | M63: 45.2 | N63: 0 | O63: 44427 | P63: 642 411 433 | Q63: 133000 | R63: 2825 | S63: 565 | T63: CAPRI | U63: 1.694 | V63: 0.35 | W63: 0 | X63: 0 | Y63: 0 | Z63: 2.044 | AA63: 3 | AB63: 2.16 | AC63: 4.78 | AD63: 13.3 | AE63: 5.2 | AF63: MULLER 6MM 6035 // KUFNER R179G46 | AG63: AXIS II | AI63: 3 | AJ63: 2.16 | AK63: 0 | AL63: 0
B64: 0 | C64: 5 | H64: 279 | I64: 661 | J64: FWLROX7 | K64: CAPRI ROMA FULL GRAIN TX7 (GLOBAL BLACK) | L64: GLOBAL BLACK | O64: NULL | U64: 1.694 | V64: 0.35 | W64: 0 | X64: 0 | Y64: 0 | Z64: 2.044 | AA64: 3 | AB64: 2.16 | AC64: 4.78 | AD64: 13.3 | AE64: 5.2 | AI64: 3 | AJ64: 2.16 | AK64: 0 | AL64: 0
B65: 0 | C65: 5 | H65: 279 | I65: 660 | J65: FWLCPX7 | K65: CAPRI TX7 (GLOBAL BLACK) | L65: GLOBAL BLACK | O65: NULL | U65: 1.694 | V65: 0.35 | W65: 0 | X65: 0 | Y65: 0 | Z65: 2.044 | AA65: 36 | AB65: 22.73 | AC65: 50.28 | AD65: 138.95 | AE65: 53.77 | AI65: 36 | AJ65: 22.73 | AK65: 0 | AL65: 0
B66: 0 | C66: 5 | H66: 279 | I66: 659 | J66: FWLCPT3 | K66: CAPRI WT3 (WICKER BEIGE) | L66: WICKER BEIGE | O66: NULL | U66: 1.694 | V66: 0.35 | W66: 0 | X66: 0 | Y66: 0 | Z66: 2.044 | AA66: 36 | AB66: 22.73 | AC66: 50.28 | AD66: 138.95 | AE66: 53.77 | AI66: 36 | AJ66: 22.73 | AK66: 0 | AL66: 0
B67: 10 | C67: 5 | D67: MAGN02 | E67: WL | F67: WE6 | G67: 5 | H67: 259 | I67: 611 | J67: FWLCPX7 | K67: CAPRI TX7 (GLOBAL BLACK) | L67: GLOBAL BLACK | M67: 38 | N67: 0 | O67: 44414 | P67: 644 | Q67: 28500 | R67: 605 | S67: 121 | T67: CAPRI | U67: 1.694 | V67: 0.35 | W67: 0 | X67: 0 | Y67: 0 | Z67: 2.044 | AA67: 5 | AB67: 3.38 | AC67: 8.9 | AD67: 23.69 | AE67: 8.62 | AF67: MULLER 6MM 6035 | AG67: AXIS II | AI67: 5 | AJ67: 3.38 | AK67: 0 | AL67: 0
B68: 0 | C68: 5 | H68: 259 | I68: 612 | J68: FWLROX7 | K68: CAPRI ROMA FULL GRAIN TX7 (GLOBAL BLACK) | L68: GLOBAL BLACK | O68: NULL | U68: 1.694 | V68: 0.35 | W68: 0 | X68: 0 | Y68: 0 | Z68: 2.044 | AA68: 4 | AB68: 3.1 | AC68: 8.17 | AD68: 21.77 | AE68: 7.93 | AI68: 4 | AJ68: 3.1 | AK68: 0 | AL68: 0
B69: 10 | C69: 5 | D69: MAGN02 | E69: WL | F69: WEC | G69: 10 | H69: 244 | I69: 575 | J69: FWLPAX7 | K69: PALERMO TX7 (GLOBAL BLACK) | L69: GLOBAL BLACK | M69: 42.3 | N69: 0 | O69: 44407 | P69: 1752 | Q69: 27313 | R69: 580 | S69: 116 | T69: PALERMO | U69: 2.888 | V69: 0.35 | W69: 0 | X69: 0 | Y69: 0 | Z69: 3.238 | AA69: 130 | AB69: 72.72 | AC69: 171.93 | AD69: 805.23 | AE69: 308.71 | AF69: MULLER 6MM 6035 // KUFNER TK 1080 // MULLER T6126 10MM // FOAM 6MM A173040 | AG69: REGISTERED - PERF // AXIS II | AH69: RECUT // QUILTING | AI69: 130 | AJ69: 72.72 | AK69: 62 | AL69: 40.68
B70: 0 | C70: 5 | H70: 244 | I70: 576 | J70: FWLPAT5 | K70: PALERMO WT5 (TUPELO) | L70: TUPELO | O70: NULL | U70: 2.888 | V70: 0.35 | W70: 0 | X70: 0 | Y70: 0 | Z70: 3.238 | AA70: 130 | AB70: 72.72 | AC70: 171.93 | AD70: 805.23 | AE70: 308.71 | AI70: 130 | AJ70: 72.72 | AK70: 62 | AL70: 40.68
B71: 10 | C71: 5 | D71: MAGN02 | E71: WL | F71: WLB | G71: 9 | H71: 245 | I71: 578 | J71: FWLNPX7 | K71: NAPPA TX7 (GLOBAL BLACK) | L71: GLOBAL BLACK | M71: 43.7 | N71: 0 | O71: 44407 | P71: 112196/28/31 | Q71: 24938 | R71: 530 | S71: 106 | T71: NAPPA | U71: 2.13 | V71: 0.35 | W71: 0 | X71: 0 | Y71: 0 | Z71: 2.48 | AA71: 61 | AB71: 34.36 | AC71: 78.63 | AD71: 249.89 | AE71: 82.41 | AF71: KUFNER TK 1080 BLACK // MULLER 6MM 6035 | AG71: AXIS II | AI71: 61 | AJ71: 34.36 | AK71: 26 | AL71: 17.45
B72: 0 | C72: 5 | H72: 245 | I72: 577 | J72: FWLNPA5 | K72: NAPPA SA5 (SEAL GREY) | L72: SEAL GREY | O72: NULL | U72: 2.13 | V72: 0.35 | W72: 0 | X72: 0 | Y72: 0 | Z72: 2.48 | AA72: 61 | AB72: 34.36 | AC72: 78.63 | AD72: 249.89 | AE72: 82.41 | AI72: 61 | AJ72: 34.36 | AK72: 26 | AL72: 17.45
B73: 10 | C73: 5 | D73: MAGN02 | E73: WL | F73: WLK | G73: 11 | H73: 193 | I73: 450 | J73: FWLCPX7 | K73: CAPRI TX7 (GLOBAL BLACK) | L73: GLOBAL BLACK | M73: 38 | N73: 0 | O73: 44355 | P73: 642 | Q73: 40375 | R73: 855 | S73: 171 | T73: CAPRI | U73: 1.6943 | V73: 0.35 | W73: 0 | X73: 0 | Y73: 0 | Z73: 2.0443 | AA73: 9 | AB73: 4.99 | AC73: 13.14 | AD73: 34.84 | AE73: 12.58 | AF73: MULLER 6MM 6035 | AI73: 9 | AJ73: 4.99 | AK73: 0 | AL73: 0
B74: 0 | C74: 5 | H74: 193 | I74: 451 | J74: FWLROX7 | K74: CAPRI ROMA FULL GRAIN TX7 (GLOBAL BLACK) | L74: GLOBAL BLACK | O74: NULL | U74: 1.6943 | V74: 0.35 | W74: 0 | X74: 0 | Y74: 0 | Z74: 2.0443 | AA74: 4 | AB74: 3.1 | AC74: 8.17 | AD74: 21.77 | AE74: 7.93 | AI74: 4 | AJ74: 3.1 | AK74: 0 | AL74: 0
B75: 10 | C75: 5 | D75: MAGN02 | E75: WL | F75: WTL | G75: 13 | H75: 236 | I75: 553 | J75: FWLNPX7 | K75: NAPPA TX7 (GLOBAL BLACK) | L75: GLOBAL BLACK | M75: 43.7 | N75: 0 | O75: 44390 | P75: RFQ 003085 | Q75: 33251 | R75: 705 | S75: 141 | T75: NAPPA | U75: 2.13 | V75: 0.35 | W75: 0 | X75: 0 | Y75: 0 | Z75: 2.48 | AA75: 83 | AB75: 48.3 | AC75: 110.53 | AD75: 376.2 | AE75: 140.77 | AF75: MULLER 6MM 6035 // KUFNER TK 1080 BLACK // MULLER T6126 10MM | AG75: AXIS II // REG. PERF COST | AI75: 83 | AJ75: 48.3 | AK75: 35 | AL75: 26.1
B76: 0 | C76: 5 | H76: 236 | I76: 554 | J76: FWLNPA5 | K76: NAPPA SA5 (SEAL GREY) | L76: SEAL GREY | O76: NULL | U76: 2.13 | V76: 0.35 | W76: 0 | X76: 0 | Y76: 0 | Z76: 2.48 | AA76: 83 | AB76: 48.3 | AC76: 110.53 | AD76: 376.2 | AE76: 140.77 | AI76: 83 | AJ76: 48.3 | AK76: 35 | AL76: 26.1
B77: 10 | C77: 6 | D77: MAGN03 | E77: RU | F77: RDL | G77: 13 | H77: 15 | I77: 36 | J77: FNRULK5 | K77: CHRYSLER NAPPA RU LK5 (CARAMEL) | L77: CARAMEL | M77: 45 | N77: 43 | O77: 44110 | P77: 106249/11179 | Q77: 14000 | R77: 295 | S77: 59 | T77: NAPPA | U77: 1.487 | V77: 0.35 | W77: 0.0446 | X77: 0 | Y77: 0.45 | Z77: 2.3316 | AA77: 80 | AB77: 50.39 | AC77: 113.16 | AD77: 328.29 | AE77: 104.04 | AF77: FOAM | AG77: AXIS II | AH77: RECUT // QUILTING FSB // QUILTING FSC | AI77: 28 | AJ77: 17.26 | AK77: 52 | AL77: 33.13
B78: 10 | C78: 6 | D78: MAGN03 | E78: RU | F78: RUA | G78: 34 | H78: 255 | I78: 601 | J78: FNRUML8 | K78: CHRYSLER NAPPA RU ML8 (DEEP MOCHA (BROWN)) | L78: DEEP MOCHA (BROWN) | M78: 53.421 | N78: 51.421 | O78: 44413 | P78: 111798/ 1034 | Q78: 269 | R78: 5 | S78: 1 | T78: NAPPA | U78: 1.387 | V78: 0.35 | W78: 0.0416 | X78: 0 | Y78: 0.45 | Z78: 2.2286 | AA78: 76 | AB78: 47.09 | AC78: 88.91 | AD78: 224.64 | AE78: 53.08 | AF78: R179G46 | AG78: PERFORATION // REGISTERED PERF | AI78: 2 | AJ78: 0.62 | AK78: 66 | AL78: 41.15
B79: 0 | C79: 6 | H79: 255 | I79: 602 | J79: FNRUPD2 | K79: CHRYSLER NAPPA AL RU PD2 (RU AL PD2) | L79: RU AL PD2 | O79: NULL | U79: 1.387 | V79: 0.35 | W79: 0.0416 | X79: 0 | Y79: 0.45 | Z79: 2.2286 | AA79: 76 | AB79: 47.09 | AC79: 88.87 | AD79: 229.17 | AE79: 53.07 | AI79: 2 | AJ79: 0.62 | AK79: 66 | AL79: 41.15
B80: 0 | C80: 6 | H80: 255 | I80: 603 | J80: FNRUVEV | K80: CHRYSLER RU NAPPA VEV (RODEO RED) | L80: RODEO RED | O80: NULL | U80: 1.387 | V80: 0.35 | W80: 0.0416 | X80: 0 | Y80: 0.45 | Z80: 2.2286 | AA80: 62 | AB80: 36.78 | AC80: 69.23 | AD80: 177.25 | AE80: 47.2 | AI80: 2 | AJ80: 0.62 | AK80: 56 | AL80: 33.5
B81: 0 | C81: 6 | H81: 255 | I81: 600 | J81: FNRUDX9 | K81: CHRYSLER NAPPA RU DX9 (BLACK) | L81: BLACK | O81: NULL | U81: 1.387 | V81: 0.35 | W81: 0.0416 | X81: 0 | Y81: 0.45 | Z81: 2.2286 | AA81: 90 | AB81: 57.41 | AC81: 108.61 | AD81: 272.27 | AE81: 68.29 | AI81: 2 | AJ81: 0.62 | AK81: 76 | AL81: 48.81
B82: 10 | C82: 6 | D82: MAGN03 | E82: RU | F82: RUE | G82: 23 | H82: 261 | I82: 615 | J82: FMCKDX9 | K82: CHRYSLER MCKINLEY DX9 (BLACK) | L82: BLACK | M82: 62.962 | N82: 60.962 | O82: 44419 | P82: TBC | Q82: 1000 | R82: 20 | S82: 4 | T82: MCKINLEY | U82: 1.46 | V82: 0.35 | W82: 0 | X82: 0 | Y82: 0 | Z82: 1.81 | AA82: 32 | AB82: 20.71 | AC82: 33.17 | AD82: 64.62 | AE82: 16.2 | AG82: PERFORATION | AI82: 0 | AJ82: 0 | AK82: 17 | AL82: 11.5
B83: 0 | C83: 6 | H83: 261 | I83: 616 | J83: FMCKPD2 | K83: CHRYSLER MCKINLEY PD2 (ALLOY (LT GREY)) | L83: ALLOY (LT GREY) | O83: NULL | U83: 1.46 | V83: 0.35 | W83: 0 | X83: 0 | Y83: 0 | Z83: 1.81 | AA83: 32 | AB83: 20.71 | AC83: 33.17 | AD83: 70.59 | AE83: 16.2 | AI83: 0 | AJ83: 0 | AK83: 17 | AL83: 11.5
B84: 10 | C84: 6 | D84: MAGN03 | E84: WK | F84: WBL | G84: 12 | H84: 18 | I84: 43 | J84: FCNPDX9 | K84: CHRYSLER NAPPA DX9 (BLACK) | L84: BLACK | M84: 59 | N84: 0 | O84: 44116 | P84: 103986 | Q84: 4950 | R84: 105 | S84: 21 | T84: NAPPA | U84: 1.416 | V84: 0.35 | W84: 0.0425 | X84: 0 | Y84: 0.45 | Z84: 2.2585 | AA84: 133 | AB84: 68.98 | AC84: 116.91 | AD84: 299.72 | AE84: 76.59 | AF84: KUFNER 179G46 | AG84: PERFOTATION AXIS II | AI84: 16 | AJ84: 7.89 | AK84: 70 | AL84: 38.5
B85: 10 | C85: 6 | D85: MAGN03 | E85: WD | F85: WD2 | G85: 14 | H85: 240 | I85: 561 | J85: FCNPDX9 | K85: CHRYSLER NAPPA DX9 (BLACK) | L85: BLACK | M85: 56 | N85: 0 | O85: 44404 | P85: 101922 10844 | Q85: 1000 | R85: 20 | S85: 4 | T85: NAPPA | U85: 2.049 | V85: 0.35 | W85: 0 | X85: 0.18 | Y85: 0 | Z85: 2.579 | AA85: 49 | AB85: 13.67 | AC85: 24.4 | AD85: 55.1 | AE85: 8.54 | AF85: TK1080 | AG85: AXIS II | AI85: 0 | AJ85: 0 | AK85: 0 | AL85: 0
B86: 0 | C86: 6 | H86: 240 | I86: 563 | J86: FCNPJRR | K86: CHRYSLER NAPPA JRR (RADAR RED) | L86: RADAR RED | O86: NULL | U86: 2.049 | V86: 0.35 | W86: 0 | X86: 0.18 | Y86: 0 | Z86: 2.579 | AA86: 130 | AB86: 71.62 | AC86: 127.9 | AD86: 320.05 | AE86: 62.85 | AI86: 4 | AJ86: 2.54 | AK86: 47 | AL86: 32.15
B87: 0 | C87: 6 | H87: 240 | I87: 562 | J87: FCNPLV5 | K87: CHRYSLER NAPPA LV5 (SEPIA) | L87: SEPIA | O87: NULL | U87: 2.049 | V87: 0.35 | W87: 0 | X87: 0.18 | Y87: 0 | Z87: 2.579 | AA87: 90 | AB87: 50.04 | AC87: 89.37 | AD87: 245.26 | AE87: 46.06 | AI87: 4 | AJ87: 2.54 | AK87: 36 | AL87: 24.77
B88: 0 | C88: 6 | H88: 240 | I88: 564 | J88: FCNPWA3 | K88: CHRYSLER NAPPA WA3 (VITRA GREY) | L88: VITRA GREY | O88: NULL | U88: 2.049 | V88: 0.35 | W88: 0 | X88: 0.18 | Y88: 0 | Z88: 2.579 | AA88: 123 | AB88: 68.3 | AC88: 121.97 | AD88: 306.43 | AE88: 61.08 | AI88: 4 | AJ88: 2.54 | AK88: 46 | AL88: 32.84
B89: 10 | C89: 6 | D89: MAGN03 | E89: WK | F89: WEL | G89: 11 | H89: 204 | I89: 481 | J89: FCNPPS4 | K89: NAPPA SKI GRAY PS4 (CHRYSLER NAPPA PS4) | L89: CHRYSLER NAPPA PS4 | M89: 28.25 | N89: 0 | O89: 44368 | P89: TBC | Q89: 1000 | R89: 20 | S89: 4 | T89: NAPPA | U89: 2.363 | V89: 0.35 | W89: 0 | X89: 0.18 | Y89: 0 | Z89: 2.893 | AA89: 10 | AB89: 4.07 | AC89: 14.41 | AD89: 41.69 | AE89: 5.04 | AI89: 0 | AJ89: 0 | AK89: 0 | AL89: 0
B90: 0 | C90: 6 | H90: 204 | I90: 480 | J90: FCN2DX9 | K90: NAPPA LAGUNA BLACK DX9 (CHRYSLER NAPPA DX9) | L90: CHRYSLER NAPPA DX9 | O90: NULL | U90: 2.363 | V90: 0.35 | W90: 0 | X90: 0.18 | Y90: 0 | Z90: 2.893 | AA90: 10 | AB90: 4.07 | AC90: 14.41 | AD90: 39.09 | AE90: 5.04 | AI90: 0 | AJ90: 0 | AK90: 0 | AL90: 0
B91: 10 | C91: 6 | D91: MAGN03 | E91: WK | F91: WJY | G91: 1 | H91: 208 | I91: 492 | J91: FCNPDX9 | K91: CHRYSLER NAPPA DX9 (BLACK) | L91: BLACK | M91: 60.26 | N91: 0 | O91: 44372 | P91: 109164 | Q91: 35200 | R91: 745 | S91: 149 | T91: NAPPA | U91: 1.5375 | V91: 0.35 | W91: 0.09 | X91: 0 | Y91: 0.45 | Z91: 2.4275 | AA91: 22 | AB91: 11.18 | AC91: 18.55 | AD91: 46.32 | AE91: 7.77 | AG91: AXIS II | AI91: 0 | AJ91: 0 | AK91: 4 | AL91: 3.08
B92: 10 | C92: 6 | D92: MAGN03 | E92: WK | F92: WKG | G92: 27 | H92: 256 | I92: 605 | J92: FCNPDX9 | K92: CHRYSLER NAPPA DX9 (BLACK) | L92: BLACK | M92: 60.26 | N92: 0 | O92: 44413 | P92: 104344 | Q92: 107679 | R92: 2290 | S92: 458 | T92: NAPPA | U92: 2.306 | V92: 0.35 | W92: 0.09 | X92: 0 | Y92: 0.45 | Z92: 3.196 | AA92: 109 | AB92: 57.77 | AC92: 95.86 | AD92: 314.93 | AE92: 42.11 | AF92: KUFNER R179G46150 | AG92: PERFORATION | AI92: 2 | AJ92: 1.27 | AK92: 24 | AL92: 16.91
B93: 0 | C93: 6 | H93: 256 | I93: 606 | J93: FCNPHL1 | K93: CHRYSLER NAPPA HL1 (FROST BEIGE) | L93: FROST BEIGE | O93: NULL | U93: 2.306 | V93: 0.35 | W93: 0.09 | X93: 0 | Y93: 0.45 | Z93: 3.196 | AA93: 109 | AB93: 57.77 | AC93: 95.85 | AD93: 314.88 | AE93: 42.1 | AI93: 2 | AJ93: 1.27 | AK93: 24 | AL93: 16.91
B94: 0 | C94: 6 | H94: 256 | I94: 607 | J94: FCNPLT5 | K94: CHRYSLER NAPPA LT5 (CATTLE TAN) | L94: CATTLE TAN | O94: NULL | U94: 2.306 | V94: 0.35 | W94: 0.09 | X94: 0 | Y94: 0.45 | Z94: 3.196 | AA94: 103 | AB94: 51.17 | AC94: 84.92 | AD94: 279.96 | AE94: 38.28 | AI94: 2 | AJ94: 1.27 | AK94: 24 | AL94: 16.91
B95: 0 | C95: 6 | H95: 256 | I95: 604 | J95: FCNPLU5 | K95: CHRYSLER NAPPA LU5 (JEEP BROWN) | L95: JEEP BROWN | O95: NULL | U95: 2.306 | V95: 0.35 | W95: 0.09 | X95: 0 | Y95: 0.45 | Z95: 3.196 | AA95: 116 | AB95: 61.42 | AC95: 101.92 | AD95: 238.06 | AE95: 43.57 | AI95: 0 | AJ95: 0 | AK95: 27 | AL95: 19.04
B96: 10 | C96: 6 | D96: MAGN03 | E96: WK | F96: WKJ | G96: 11 | H96: 22 | I96: 53 | J96: FCPRDX9 | K96: CAPRI BLACK DX9 (MAGNA CHRYSLER) | L96: MAGNA CHRYSLER | M96: 63.28 | N96: 0 | O96: 44118 | P96: 80635 | Q96: 1000 | R96: 20 | S96: 4 | T96: CAPRI | U96: 1.131 | V96: 0.35 | W96: 0.06 | X96: 0 | Y96: 0.45 | Z96: 1.991 | AA96: 103 | AB96: 50.4 | AC96: 79.64 | AD96: 158.56 | AE96: 27.87 | AI96: 0 | AJ96: 0 | AK96: 0 | AL96: 0
B97: 0 | C97: 6 | H97: 22 | I97: 54 | J97: FCPRHL1 | K97: CAPRI F.BEIGE HL1 (MAGNA CHRYSLER) | L97: MAGNA CHRYSLER | O97: NULL | U97: 1.131 | V97: 0.35 | W97: 0.06 | X97: 0 | Y97: 0.45 | Z97: 1.991 | AA97: 103 | AB97: 50.4 | AC97: 79.64 | AD97: 158.56 | AE97: 27.87 | AI97: 0 | AJ97: 0 | AK97: 0 | AL97: 0
B98: 10 | C98: 6 | D98: MAGN03 | E98: WK | F98: WKL | G98: 11 | H98: 219 | I98: 514 | J98: FCPRDX9 | K98: CAPRI BLACK DX9 (MAGNA CHRYSLER) | L98: MAGNA CHRYSLER | M98: 63.28 | N98: 0 | O98: 44383 | P98: TBC | Q98: 1000 | R98: 20 | S98: 4 | T98: CAPRI | U98: 1.031 | V98: 0.35 | W98: 0.06 | X98: 0 | Y98: 0.45 | Z98: 1.891 | AA98: 51 | AB98: 21.44 | AC98: 33.88 | AD98: 64.07 | AE98: 11.86 | AI98: 0 | AJ98: 0 | AK98: 0 | AL98: 0
B99: 10 | C99: 6 | D99: MAGN03 | E99: WK | F99: WKY | G99: 10 | H99: 25 | I99: 58 | J99: FCPRDX9 | K99: CAPRI BLACK DX9 (MAGNA CHRYSLER) | L99: MAGNA CHRYSLER | M99: 58 | N99: 0 | O99: 44119 | P99: TBC | Q99: 1000 | R99: 20 | S99: 4 | T99: CAPRI | U99: 1.073 | V99: 0.35 | W99: 0.06 | X99: 0 | Y99: 0.45 | Z99: 1.933 | AA99: 82 | AB99: 48.15 | AC99: 83.02 | AD99: 231.31 | AE99: 99.88 | AG99: PERFORATION | AH99: RECUT // QUILTING | AI99: 0 | AJ99: 0 | AK99: 10 | AL99: 17.27
B100: 0 | C100: 6 | H100: 25 | I100: 59 | J100: FCPRSA5 | K100: CAPRI GREY SA5 (MAGNA CHRYSLER) | L100: MAGNA CHRYSLER | O100: NULL | U100: 1.073 | V100: 0.35 | W100: 0.06 | X100: 0 | Y100: 0.45 | Z100: 1.933 | AA100: 82 | AB100: 48.15 | AC100: 83.02 | AD100: 239.61 | AE100: 99.88 | AI100: 0 | AJ100: 0 | AK100: 10 | AL100: 17.27
B101: 10 | C101: 6 | D101: MAGN03 | E101: WK | F101: WKZ | G101: 21 | H101: 234 | I101: 550 | J101: FCNPLV5 | K101: CHRYSLER NAPPA LV5 (SEPIA) | L101: SEPIA | M101: 52.24 | N101: 0 | O101: 44389 | P101: 103986 | Q101: 15333 | R101: 325 | S101: 65 | T101: NAPPA | U101: 1.416 | V101: 0.35 | W101: 0.042 | X101: 0 | Y101: 0.45 | Z101: 2.258 | AA101: 68 | AB101: 35.24 | AC101: 67.45 | AD101: 150.5 | AE101: 23.33 | AI101: 0 | AJ101: 0 | AK101: 0 | AL101: 0
B102: 0 | C102: 6 | H102: 234 | I102: 549 | J102: FCNPDX9 | K102: CHRYSLER NAPPA DX9 (BLACK) | L102: BLACK | O102: NULL | U102: 1.416 | V102: 0.35 | W102: 0.042 | X102: 0 | Y102: 0.45 | Z102: 2.258 | AA102: 61 | AB102: 29.8 | AC102: 50.27 | AD102: 113.52 | AE102: 17.6 | AI102: 0 | AJ102: 0 | AK102: 0 | AL102: 0
...
